concept,title,true_score,false_score,ground_truth,confidence,unc_mean_logprobs,unc_mean_probs,unc_min_prob,unc_min_logprob,unc_median_prob,unc_median_logprobs,unc_PPL,unc_var_prob,unc_var_logprob,unc_entropy,unc_log_likelihood,unc_sqrt_normalized_log_likelihood,unc_mean_logprobs_no_stopwords,unc_mean_probs_no_stopwords,unc_min_prob_no_stopwords,unc_min_logprob_no_stopwords,unc_median_prob_no_stopwords,unc_median_logprobs_no_stopwords,unc_PPL_no_stopwords,unc_var_prob_no_stopwords,unc_var_logprob_no_stopwords,unc_entropy_no_stopwords,unc_log_likelihood_no_stopwords,unc_sqrt_normalized_log_likelihood_no_stopwords
The Beatles were an English rock band.,The Beatles,0.9989009933506384,0.0,1.0,0.9989009933506384,-1.2410501830163412,0.5448487786575984,0.030305845587101626,-3.4964146614074707,0.6197229484306243,-0.5566559061408043,3.4592443975726863,0.17256837270904152,1.8786053474628273,1.0672998555108104,-9.92840146413073,-3.5102200008146425,-0.745321701746434,0.762747685462487,0.030305845587101626,-3.4964146614074707,0.937597295723338,-0.06443474441766739,2.1071191898807435,0.1367375337105205,1.8951906820781197,0.30953248263072314,-3.72660850873217,-1.66658999021085
The Beatles formed in Liverpool.,The Beatles,0.9956247046158524,0.0,1.0,0.9956247046158524,-2.009822806964318,0.433967790522133,0.005641430844037077,-5.17761754989624,0.38998424457247427,-1.2841175943613052,7.461995016619518,0.1585083601544721,4.043149700860513,0.8043610593596568,-12.058936841785908,-4.923040350470792,-2.4382900055497885,0.40609380438989545,0.005641430844037077,-5.17761754989624,0.3405681407114284,-2.255553975701332,11.45343867129085,0.16536156683976558,5.007163589441719,0.42897222779927574,-9.753160022199154,-4.876580011099577
The Beatles formed in 1960.,The Beatles,0.9979880936023556,0.0,1.0,0.9979880936023556,-1.5398062532767653,0.47579977430560966,0.00564143353408157,-5.177617073059082,0.5003359541627699,-0.8261519968509674,4.663686609451447,0.14217669495340124,2.8853752069598455,1.3466294659007136,-12.318450026214123,-4.355229773621805,-1.6687794588506222,0.4711610172579239,0.00564143353408157,-5.177617073059082,0.5003359541627699,-0.8261519968509674,5.305688033006135,0.14276948250455648,3.4427592810421195,0.971240341713285,-10.012676753103733,-4.087658167421862
"The Beatles members were John Lennon, Paul McCartney, George Harrison, and Ringo Starr.",The Beatles,0.9990862125582588,0.0,1.0,0.9990862125582588,-1.2648636403763602,0.7096071317929663,0.000158476286751127,-8.749905586242676,0.9568212520242129,-0.044340554624795914,3.5426096342555073,0.15349759026311124,6.258986404225348,1.4279326360572804,-22.767545526774484,-5.3663619443185615,-1.2057083811332632,0.774343972576916,0.000158476286751127,-8.749905586242676,0.9763363561012602,-0.02394816931337118,3.3391236126415254,0.1342383998100807,6.987650481747612,0.8258733302703583,-19.29133409813221,-4.822833524533053
The Beatles are regarded as the most influential band of all time.,The Beatles,0.9956946606607856,0.0,1.0,0.9956946606607856,-1.4085592214161387,0.5226708206800363,0.0006814706452844736,-7.291257381439209,0.633469279674404,-0.45654377341270447,4.090058288483586,0.1462232781746178,3.7141006573792428,2.1923242448736397,-18.311269878409803,-5.078632497343523,-1.3802886166376993,0.6444085396379664,0.0006814706452844736,-7.291257381439209,0.797847545297117,-0.22584912180900574,3.976049015807375,0.13531001032571308,5.68852268563219,0.9735680637195312,-11.042308933101594,-3.904045763276464
The Beatles' music includes rock and roll and other genres.,The Beatles,0.9991435775891911,0.0,1.0,0.9991435775891911,-2.2725517551104226,0.3123764570046032,0.0007025039813003891,-7.260859489440918,0.08809778818021295,-2.479649782180786,9.704131814875259,0.11901611055318272,3.856805156435174,2.068672865533067,-27.270621061325073,-7.872350205362155,-2.282813397320834,0.33028679320257026,0.0007025039813003891,-7.260859489440918,0.06083281753346002,-2.799625873565674,9.804224824523095,0.12598639525441796,4.206160191409936,1.8195269503968363,-25.110947370529175,-7.571235505309709
"The Beatles' works include albums like ""Sgt.Pepper's Lonely Hearts Club Band."".",The Beatles,0.999853203975591,0.0,1.0,0.999853203975591,-2.7481515766800535,0.5422813298050824,1.2055652985841908e-06,-13.628561973571777,0.7508358315532883,-0.3056598864495754,15.613744385016581,0.19907312640245894,17.400653633385204,1.4927020785576612,-49.466728380240966,-11.659419693593811,-2.7827678247361773,0.5673941982468664,1.2055652985841908e-06,-13.628561973571777,0.8961637491233442,-0.10963212698698044,16.16369737266545,0.19943149940374746,18.402652370841874,1.2435563866961352,-47.30705302051501,-11.473645672957552
"The Beatles' works include albums like ""Revolver."".",The Beatles,0.999759062370134,0.0,1.0,0.999759062370134,-4.265929706564004,0.27227192542123696,4.78057861369916e-08,-16.85611915588379,0.04242782119756339,-3.1599509716033936,71.23111323200668,0.13431318236151005,24.742689507491527,1.3571455515911655,-46.92522677220404,-14.148488218703712,-4.476555451191961,0.2879628255778772,4.78057861369916e-08,-16.85611915588379,0.033489879526630476,-3.4334577322006226,87.93126688707288,0.1450362527726789,26.728963210939774,1.107999445076576,-44.76555451191962,-14.15611129780932
"The Beatles' works include albums like ""Abbey Road."".",The Beatles,0.9995466693254154,0.0,1.0,0.9995466693254154,-3.7416693411093243,0.33483691863983256,2.3227454012194824e-07,-15.275345802307129,0.07889532035902888,-2.6598116159439087,42.16832476048163,0.16452119485043634,20.857256345413347,1.3712205361427812,-44.90003209331189,-12.96152280784823,-3.885487127501454,0.3547891149864568,2.3227454012194824e-07,-15.275345802307129,0.04242788189109187,-3.159949541091919,48.69065524067914,0.17470058544091593,22.505167890439953,1.1220746210065506,-42.740358402515994,-12.886702929678115
The Beatles broke up in 1970.,The Beatles,0.99715839632045,0.0,1.0,0.99715839632045,-1.1159808862333496,0.6023569788607966,0.018079584995834612,-4.012971878051758,0.7991111718165124,-0.22425520420074463,3.052560926159506,0.15328239986552614,2.0971513834100852,1.1475419050434716,-10.043827976100147,-3.347942658700049,-1.0755350029628192,0.6578521898905604,0.018079584995834612,-4.012971878051758,0.8959088731500605,-0.1099165752530098,2.93156087481457,0.15873041456077597,2.456451240971057,0.6492926065053304,-7.528745020739734,-2.845598144184737
The Beatles influenced popular culture significantly.,The Beatles,0.9943761526703097,0.0,1.0,0.9943761526703097,-3.5077612368123874,0.16596731218582197,0.0005760400204121433,-7.459333419799805,0.02619296629841724,-3.6422643661499023,33.373468793195705,0.10043824114227258,4.343299169229748,0.6939856551314534,-24.55432865768671,-9.280663891197923,-3.73244301105539,0.1744013448188513,0.0005760400204121433,-7.459333419799805,0.025965183481142403,-3.6510372161865234,41.781055164172805,0.11668001765413295,4.713809066362486,0.44483932534206394,-22.39465806633234,-9.14258087110294
The Beatles are one of the most influential rock bands in history.,The Beatles,0.9971417956659372,0.0,1.0,0.9971417956659372,-1.0086521219480067,0.5464274144048884,0.07083032221768137,-2.647468090057373,0.5331998756393977,-0.6288589239120483,2.74190277261903,0.1436998651442749,1.0537110408909975,2.3069952337812603,-13.112477585324086,-3.6367469447890945,-1.1071477266959846,0.5285037097317928,0.07083032221768137,-2.647468090057373,0.5397733866497443,-0.6176849603652954,3.025715906220839,0.14668056063692353,1.2401311231570458,1.3788665484298488,-8.857181813567877,-3.131486661288004
The Beatles are one of the most iconic rock bands in history.,The Beatles,0.9991188193678768,0.0,1.0,0.9991188193678768,-1.2829756911288803,0.5067755793939386,0.015290393125409921,-4.180530548095703,0.46581279737273756,-0.7639714479446411,3.607358153951491,0.16454705441240208,1.7443649147976523,2.025756592103151,-16.678683984675445,-4.625834639539028,-1.5360344611108303,0.472492862622332,0.015290393125409921,-4.180530548095703,0.3617923635382139,-1.3575922846794128,4.6461292849378815,0.17717665138444033,2.2268465093678502,1.0770677294963749,-12.288275688886642,-4.344561534350769
The Beatles were formed in 1960.,The Beatles,0.9980625331167636,0.0,1.0,0.9980625331167636,-1.2257307809260156,0.4895148034232014,0.0425901623637674,-3.1561319828033447,0.3839535614721863,-0.9572336673736572,3.4066546916362985,0.13829077833848533,1.378954315175636,1.6687378989181851,-11.03157702833414,-3.677192342778047,-1.3006134952108066,0.5018950773346083,0.0425901623637674,-3.1561319828033447,0.5415397516326157,-0.7867122143507004,3.6715484542113757,0.1546983649938272,1.6983278404009692,0.9527266175495095,-7.803680971264839,-3.185839415844249
"The Beatles were formed in Liverpool, England.",The Beatles,0.9993925821929338,0.0,1.0,0.9993925821929338,-1.2992817072404756,0.46468200277810034,0.0425901623637674,-3.1561319828033447,0.3839535614721863,-0.9572336673736572,3.6666619847404434,0.13447899678344027,1.4203173714266386,1.7256817017112482,-11.69353536516428,-3.8978451217214265,-1.4109398846824963,0.4646458763669569,0.0425901623637674,-3.1561319828033447,0.4148759319404851,-1.0416705310344696,4.099806939531711,0.14944050229227132,1.739792041704425,1.0096704203425728,-8.465639308094978,-3.4560827752134555
John Lennon was a member of The Beatles.,The Beatles,0.9988821984061494,0.0,1.0,0.9988821984061494,-1.2010598736944504,0.5524356437982046,0.007355701105124071,-4.9122796058654785,0.4885640248594388,-0.7162847518920898,3.3236376927816504,0.13136349371350747,2.4181621963847175,1.58071027795965,-10.809538863250054,-3.6031796210833513,-1.7055357418954373,0.4987922558972893,0.007355701105124071,-4.9122796058654785,0.4885640248594388,-0.7162847518920898,5.504333779639536,0.17586793538975992,3.6305446629167215,0.6117077977060623,-8.527678709477186,-3.8136938569337335
Paul McCartney was a member of The Beatles.,The Beatles,0.9988561515938827,0.0,1.0,0.9988561515938827,-1.3751733159814548,0.4944337084939229,0.011020627383092957,-4.507986545562744,0.5740581597057882,-0.5550245642662048,3.9557622603301175,0.14553037159176355,2.2120304177595793,1.5311821672007768,-12.376559843833093,-4.1255199479443645,-1.6247567929327489,0.502598662209332,0.011020627383092957,-4.507986545562744,0.5740581597057882,-0.5550245642662048,5.077184079961025,0.16632036026575384,3.2037841121863257,0.6436393192649433,-8.123783964663744,-3.633066635902176
George Harrison was a member of The Beatles.,The Beatles,0.9954570465729308,0.0,1.0,0.9954570465729308,-1.6218489777917664,0.4871339527353969,0.0009038244851426291,-7.008875370025635,0.35913328936238864,-1.024061679840088,5.062442011212609,0.1411949718499167,4.49381525737982,1.6071568497053257,-14.596640800125897,-4.865546933375299,-2.30195974484086,0.44412645313749294,0.0009038244851426291,-7.008875370025635,0.2734749458167263,-1.2965452671051025,9.99374847336219,0.17980019592123228,6.7886137670996405,0.5960246134750681,-11.509798724204302,-5.147338470932234
Ringo Starr was a member of The Beatles.,The Beatles,0.993099919233985,0.0,1.0,0.993099919233985,-1.7136242110282183,0.5305514617007998,0.00011541408280439858,-9.066984176635742,0.4371196883838778,-0.839356541633606,5.549035955885527,0.15896699877574677,6.941668406667334,1.522139907652511,-17.136242110282183,-5.4189555604581985,-2.174012022316068,0.5613544301310166,0.00011541408280439858,-9.066984176635742,0.6648731331848703,-0.5173879433423281,8.79349305420867,0.18989952173264446,10.567940784304849,0.5806337207104284,-13.044072133896407,-5.325220149350522
The Beatles are known for their innovative music.,The Beatles,0.9994057985076706,0.0,1.0,0.9994057985076706,-1.5475547628270254,0.418518745663909,0.018111467736153505,-4.011209964752197,0.23178726672340486,-1.46193528175354,4.699963594462755,0.1366125475387933,1.9013550169459756,1.6739981856507238,-13.92799286544323,-4.642664288481076,-1.6963520472248395,0.4233177698588848,0.018111467736153505,-4.011209964752197,0.32318094334926206,-1.2849123775959015,5.454015068339883,0.14833267378153656,2.4304965011909343,0.9731619368213633,-10.178112283349037,-4.1551969398264905
The Beatles are known for their cultural impact.,The Beatles,0.9983814731296464,0.0,1.0,0.9983814731296464,-1.9705453366041183,0.41090167968729896,0.0018056141840047189,-6.316854476928711,0.23178726672340486,-1.46193528175354,7.1745879871568015,0.14891293091031196,4.015657130501331,1.4021990277947711,-17.734908029437065,-5.911636009812355,-2.3308379078904786,0.4118921708939698,0.0018056141840047189,-6.316854476928711,0.2980682230331259,-2.003194659948349,10.2865571103779,0.16684939751999495,5.278939356284048,0.7013627789654107,-13.985027447342873,-5.70936354746793
The Beatles are known for their enduring legacy.,The Beatles,0.998885528585062,0.0,1.0,0.998885528585062,-2.6710302548276053,0.35026818841541657,9.338222443120941e-05,-9.278809547424316,0.11536311638764553,-2.15967059135437,14.454853706878913,0.15978186388996096,7.5632374721139275,1.1465386484639841,-24.039272293448448,-8.013090764482817,-3.3815652852257094,0.3209419339861462,9.338222443120941e-05,-9.278809547424316,0.03117278957875358,-3.468835949897766,29.416780747086687,0.18057565261140907,9.475161991206848,0.4457023996346237,-20.289391711354256,-8.283109480712048
The Beatles started as a skiffle band.,The Beatles,0.9847448193729996,0.0,1.0,0.9847448193729996,-1.3172911040757753,0.5773679349548833,0.005184521078072502,-5.262077808380127,0.7898282062201623,-0.2399870604276657,3.7332945607879258,0.1668644896893386,3.0066121475041503,1.2288853312715469,-13.172911040757754,-4.165640230357364,-1.3272652360335218,0.6557185973459209,0.005184521078072502,-5.262077808380127,0.8991575909990959,-0.10629696398973465,3.770717252563436,0.17073573683904605,3.9897224003091756,0.5243213993335074,-9.290856652234652,-3.511613738366143
The Beatles played local gigs.,The Beatles,0.9947182132468558,0.0,1.0,0.9947182132468558,-4.534245082487662,0.2872585504357317,4.904595269681834e-06,-12.225337982177734,0.060280530266385385,-3.7095459699630737,93.15316579753726,0.13982514223381967,18.139779095827276,0.6144423222292787,-27.205470494925976,-11.106586820818595,-5.0091593131423,0.32163771425840915,4.904595269681834e-06,-12.225337982177734,0.00519832921042665,-5.25941801071167,149.77876616553317,0.1606986092497046,20.414473756123016,0.36529643898943776,-25.0457965657115,-11.200820734312337
The Beatles played in clubs.,The Beatles,0.9976346466673373,0.0,1.0,0.9976346466673373,-3.980050920198361,0.1982893581343741,0.0005273180906149649,-7.547706604003906,0.060280530266385385,-3.7095459699630737,53.51975939487216,0.11223334457505356,7.461975357028137,0.6135714927311794,-23.880305521190166,-9.749093904780636,-4.919998524710536,0.2361068931499414,0.0005273180906149649,-7.547706604003906,0.003151374608231302,-6.033926486968994,137.0024110681063,0.16403293559847482,8.54068732871832,0.09925324634385708,-19.679994098842144,-9.839997049421072
The Beatles played in Liverpool.,The Beatles,0.9974315708728212,0.0,1.0,0.9974315708728212,-2.9211043107012906,0.20422465026643946,0.00519832921042665,-5.25941801071167,0.0687337634760857,-2.985817313194275,18.561774111636872,0.10996369039395765,2.8980441478965453,0.7497734117211168,-17.526625864207745,-7.155215046662538,-3.3315786104649305,0.24500983134803944,0.00519832921042665,-5.25941801071167,0.01862174544452158,-4.001230955123901,27.982480291474538,0.15992865920321525,3.8398275604061096,0.23545516533379446,-13.326314441859722,-6.663157220929861
The Beatles were discovered by Brian Epstein.,The Beatles,0.9968256700726,5.128152536432947e-05,1.0,0.9968256700726,-1.8825942969997413,0.4995427100604469,0.0003354847032531936,-7.999934196472168,0.4816290955032006,-0.7515802383422852,6.570528673055592,0.15842458374598872,6.531250158680457,1.1765033632246937,-15.06075437599793,-5.324780774526553,-2.3774520297534765,0.5104087081040528,0.0003354847032531936,-7.999934196472168,0.5793046295342149,-0.5459268093109131,10.77740733668548,0.1814871654225759,9.351645003133394,0.506347286510204,-11.887260148767382,-5.316144351773626
Brian Epstein became their manager.,The Beatles,0.9919688831317304,0.0,1.0,0.9919688831317304,-3.7897380581125617,0.30399995950862296,5.927725105570651e-05,-9.733284950256348,0.030585886622008562,-3.821221709251404,44.24480918912571,0.16843454034267805,10.87241909356714,0.4456366261189474,-22.73842834867537,-9.28292450118176,-3.7897380581125617,0.30399995950862296,5.927725105570651e-05,-9.733284950256348,0.030585886622008562,-3.821221709251404,44.24480918912571,0.16843454034267805,10.87241909356714,0.4456366261189474,-22.73842834867537,-9.28292450118176
The Beatles signed with Parlophone Records.,The Beatles,0.9945654926547356,0.0002944359693718,1.0,0.9945654926547356,-2.149914005777747,0.4718119840715304,5.1026699388806786e-05,-9.883161544799805,0.37290915078092735,-0.9864204525947571,8.584120180698507,0.152640170823999,9.196828463059067,1.4397581260329164,-19.34922605199972,-6.44974201733324,-2.3147335725786564,0.5368622270678858,5.1026699388806786e-05,-9.883161544799805,0.5104372858888332,-0.6724874973297119,10.122225720958443,0.1724718904161092,11.603926471581147,0.8227665829534782,-16.203135008050594,-6.124209384415203
The signing occurred in 1962.,The Beatles,0.9931695298344416,0.0002940225773107,1.0,0.9931695298344416,-4.109270142856985,0.34210285536277296,2.332221120974219e-07,-15.27127456665039,0.2581536889823723,-1.5368017256259918,60.90225140140986,0.1133996120209509,28.504348720046583,1.438847387910045,-32.87416114285588,-11.622771134966348,-4.9832497866203385,0.3631361305937973,2.332221120974219e-07,-15.27127456665039,0.23956161193242956,-1.7313437759876251,145.94791137123022,0.14050388095383903,34.79975654200692,0.8289506752201455,-29.899498719722033,-12.206419238052982
"The Beatles' first single was ""Love Me Do."".",The Beatles,0.9995984860982896,0.0,1.0,0.9995984860982896,-2.0945374280199758,0.4399699446007833,2.072918449192965e-05,-10.783967971801758,0.31687440191094507,-1.149249792098999,8.121683238072269,0.1471345710397973,8.76718458327265,1.8858791273172808,-23.039911708219734,-6.9467947580982905,-2.1923321839818124,0.4897146738714263,2.072918449192965e-05,-10.783967971801758,0.49651694121081563,-0.7001376748085022,8.956075994179358,0.16396524534202414,10.606127202928585,1.2725651802850428,-19.73098965583631,-6.576996551945437
"""Love Me Do"" was released in 1962.",The Beatles,0.998250071812916,0.0,1.0,0.998250071812916,-1.6762123818243708,0.514878930753066,0.0001647047364704813,-8.711356163024902,0.4575441197577502,-0.7884047329425812,5.345271732528674,0.14349064080544344,5.878446388884446,1.9845133977987917,-20.11454858189245,-5.806570019191706,-1.8476847070509392,0.5287411244895115,0.0001647047364704813,-8.711356163024902,0.5636870374072392,-0.6142939478158951,6.345111710321089,0.17021492791180864,6.873526443632292,1.2733578261409255,-18.476847070509393,-5.842892072141941
"""Love Me Do"" reached the top 20 in the UK.",The Beatles,0.9977546095690468,0.0,1.0,0.9977546095690468,-2.149908352726925,0.5259507536526109,0.0001359194530239803,-8.903448104858398,0.6039954145552702,-0.52362060546875,8.584071654368024,0.1378274572905672,9.685059136639348,2.1181982535346746,-30.09871693817695,-8.044220468867696,-2.623060819884069,0.479513673437392,0.0001359194530239803,-8.903448104858398,0.4860718191267538,-0.7213988900184631,13.777830569022377,0.15304161515557207,11.250974748280855,1.464252103710483,-28.85366901872476,-8.699708541837463
"Their second album was ""With the Beatles."".",The Beatles,0.9986503199385068,0.0,1.0,0.9986503199385068,-3.5157716256152423,0.34586875003331635,1.0505269838833163e-05,-11.46363353729248,0.18509632391371444,-1.6868789196014404,33.64187684512763,0.15470075502521993,13.90355343859652,1.0758834130489752,-31.641944630537182,-10.547314876845727,-4.719419173663482,0.3172613193249461,1.0505269838833163e-05,-11.46363353729248,0.011392818533408301,-4.518686532974243,112.10312130937375,0.1950624535835496,16.32029496711726,0.21734606010844823,-28.316515041980892,-11.560168857782962
"""With the Beatles"" was released in 1963.",The Beatles,0.9987871681757348,0.0,1.0,0.9987871681757348,-2.246096429725488,0.4037470549778041,0.00032464918529866773,-8.03276538848877,0.26840340551050756,-1.6852582395076752,9.450771985208076,0.1469760997486856,5.754545189660823,1.7681782905286196,-26.953157156705856,-7.780706269967208,-1.8958822041749954,0.45262971945630626,0.006537128841061335,-5.030257225036621,0.3981194868022771,-1.4626109451055527,6.658419900157923,0.17362951337776672,3.5975354950013516,0.9590150034530651,-15.167057633399963,-5.362364651612151
"""With the Beatles"" became a huge success.",The Beatles,0.9994874903379672,0.0,1.0,0.9994874903379672,-3.2283584833145142,0.2159240314610676,0.00032464949490840526,-8.032764434814453,0.06837008556064025,-2.7805999517440796,25.238194032604696,0.062174399399158455,6.396497582875142,1.771668782612751,-32.28358483314514,-10.20896591080056,-3.247767210006714,0.1745490018174464,0.0015600305281100713,-6.46304988861084,0.03955502712554539,-3.230062484741211,25.732819743433218,0.06222550678154743,4.0966528418021495,1.0587052228959388,-22.734370470046997,-8.59278435390785
"The single ""She Loves You"" topped the UK charts.",The Beatles,0.9989216829021642,1.0119169122452571e-05,1.0,0.9989216829021642,-2.567283273156742,0.4697598654204245,3.538114615113269e-05,-10.2493314743042,0.3535800277631094,-1.1311522722244263,13.030376338155122,0.18841720925608693,10.243762771483352,1.2526883250612044,-30.807399277880904,-8.893330133058411,-2.86453807499056,0.45240977164143326,3.538114615113269e-05,-10.2493314743042,0.3535800277631094,-1.1311522722244263,17.54094872999326,0.18537225991060416,11.529649433368132,1.001203064565736,-28.6453807499056,-9.05846476124438
The Beatles began to gain popularity in Europe.,The Beatles,0.9621779944651268,0.0290552554949603,1.0,0.9621779944651268,-2.9103916726178594,0.30766532646531225,0.0004650025650719363,-7.673467636108398,0.0497607473083956,-3.0005288124084473,18.363989830586764,0.15265775013299107,5.8288303398912396,0.9851395540904557,-26.193525053560734,-8.731175017853579,-3.446608847628037,0.3169598750659628,0.0004650025650719363,-7.673467636108398,0.020321808483191352,-4.025283932685852,31.393750599991684,0.1857206650254626,7.2709634100538105,0.33836945491960246,-20.679653085768223,-8.442433019650627
The Beatles began to gain popularity in the US.,The Beatles,0.9948367819703884,0.0,1.0,0.9948367819703884,-2.5007149517536162,0.3436683208036736,0.00046500323026391717,-7.673466205596924,0.08870144867329852,-2.4698243141174316,12.191206970443753,0.14292085312331998,5.439059819834931,1.4043766350414932,-25.007149517536163,-7.907955026379507,-3.168405537803968,0.32540461152270844,0.00046500323026391717,-7.673466205596924,0.04602997079918075,-3.1429344415664673,23.76955446956087,0.18091676219218247,7.111334706711911,0.45967984689273006,-19.010433226823807,-7.760976865828239
The Beatles' music captured the hearts of millions.,The Beatles,0.9954954410961744,0.0,1.0,0.9954954410961744,-2.4892480187118053,0.42751045106433516,2.022797474766807e-05,-10.808444023132324,0.4220583695731006,-0.8649064302444458,12.052209675815988,0.13687104980189096,10.861978066860441,1.6800210826892463,-24.892480187118053,-7.8716934001907415,-3.2250654314245497,0.330120844689176,2.022797474766807e-05,-10.808444023132324,0.39349830419384235,-0.9326785206794739,25.155220043853706,0.10151288889396035,13.299854201002601,1.285843234301759,-22.575458019971848,-8.53272109346059
The Beatles' charm captured the hearts of millions.,The Beatles,0.9923516720554576,0.0,1.0,0.9923516720554576,-3.9515028236433865,0.4141165432007205,1.1370110837592875e-07,-15.989692687988281,0.25590914384970953,-1.54243203997612,52.0134752088939,0.16765534878722432,28.502903686820694,1.1833675458618378,-39.515028236433864,-12.495749103299751,-5.305173365133149,0.31786742056175205,1.1370110837592875e-07,-15.989692687988281,0.04242775038855657,-3.1599526405334473,201.3759109492621,0.1478108838559585,34.20743445030827,0.75351375217801,-37.136213555932045,-14.036169386225975
The Beatles became a global phenomenon.,The Beatles,0.9977210242175268,0.0,1.0,0.9977210242175268,-2.327986139804125,0.3413128533943475,0.0012591917974772377,-6.677285194396973,0.12269704576244359,-2.098037004470825,10.257264023489604,0.14960131742893162,4.628106763309943,1.0553220804017993,-16.295902978628874,-6.159272381526958,-2.545649292320013,0.4058382711970657,0.0012591917974772377,-6.677285194396973,0.12269704576244359,-2.098037004470825,12.751504852923782,0.19319835604899657,6.257026117101046,0.46173240773855856,-12.728246461600065,-5.692244864501782
The Beatles' music influenced the youth of the 1960s.,The Beatles,0.9982248928696054,0.0,1.0,0.9982248928696054,-1.5966838356751916,0.5356285521209864,0.00036405981146040995,-7.918192386627197,0.6292817074905517,-0.4904031753540039,4.936634559005022,0.1692182587545011,4.707205445489415,1.8209755129789524,-22.35357369945268,-5.9742438680966305,-1.8612014044978422,0.5394054471762885,0.00036405981146040995,-7.918192386627197,0.6900398004141305,-0.41750212758779526,6.431458915459741,0.19177669592244156,6.064712475873089,0.947807410876379,-18.612014044978423,-5.885635622517538
The Beatles' fashion influenced the youth of the 1960s.,The Beatles,0.9989865186195156,0.0,1.0,0.9989865186195156,-2.0363892200080693,0.503910285792165,1.950890883726365e-06,-13.147224426269531,0.5834776716705525,-0.5406008064746857,7.662890174822752,0.1607621871634362,11.133582564089796,2.035138531446275,-28.509449080112972,-7.619470767390018,-2.5324246719959773,0.47703666298810543,1.950890883726365e-06,-13.147224426269531,0.36426887716983974,-1.1566523909568787,12.583981202538206,0.18896383670356234,14.467883782036427,1.1216709713912603,-25.324246719959774,-8.008229966312115
The Beatles' hairstyles influenced the youth of the 1960s.,The Beatles,0.997719957654322,0.0,1.0,0.997719957654322,-2.122676969335901,0.5079470923911785,3.133557080929478e-06,-12.673341751098633,0.6444242279843059,-0.4394274950027466,8.353469565082326,0.17317240425676259,10.736372018707455,1.7276834649608335,-29.717477570702613,-7.9423299620505965,-2.66152199762364,0.4768789941505297,3.133557080929478e-06,-12.673341751098633,0.3752297218624442,-1.5413902401924133,14.3180645836273,0.20381706499136562,13.749826331571782,0.8524623559484925,-26.615219976236403,-8.416471555131956
The Beatles' iconic mop-top hairstyle influenced the youth of the 1960s.,The Beatles,0.9995046360732436,0.0,1.0,0.9995046360732436,-2.3859648384493672,0.4758395137970511,1.599473363692524e-05,-11.043251037597656,0.4891162610733802,-0.7151550650596619,10.869544962152247,0.17613494498041657,9.465832036480107,1.984144799569999,-40.561402253639244,-9.83758504793652,-2.8657817152701544,0.4500865392694048,1.599473363692524e-05,-11.043251037597656,0.18963248040420042,-1.6626673936843872,17.562776930777677,0.19905732826748532,11.200737374505538,1.0763568439129043,-37.255162298512005,-10.332722918693683
They performed on the Ed Sullivan Show.,The Beatles,0.9981688290431048,0.0,1.0,0.9981688290431048,-2.4374868913610044,0.38132425356248356,0.0011977349407045204,-6.727323055267334,0.2664994631691141,-2.000035136938095,11.444243944885399,0.1591015729645371,5.382729558821936,1.0191492576879324,-19.499895130888035,-6.894254039738734,-2.5824431736097417,0.4196308870659393,0.0011977349407045204,-6.727323055267334,0.2715263013828497,-1.9900033473968506,13.229420478931381,0.18868207389891178,6.52820114053619,0.5500315498036107,-15.494659041658451,-6.325668065077501
They performed on the Ed Sullivan Show in 1964.,The Beatles,0.9990860934671892,0.0,1.0,0.9990860934671892,-1.8007714810973994,0.48213950432352665,0.0011977320850852975,-6.727325439453125,0.5011074087394275,-0.6909851431846619,6.054316453864649,0.16149325363699657,4.449687155200635,1.677103144307689,-21.609257773168792,-6.238055396163508,-1.719466701217041,0.5704320279092764,0.0011977320850852975,-6.727325439453125,0.7307998353780957,-0.31361567974090576,5.581551036042649,0.17080964126117545,5.528812421765762,0.9547029524516452,-15.475200310953369,-5.158400103651123
This performance helped launch the British Invasion.,The Beatles,0.99928424827256,0.0,1.0,0.99928424827256,-3.9581763022579253,0.2158297969262405,8.467744363732141e-05,-9.37666130065918,0.04968285342587253,-3.195514678955078,52.3617468224195,0.10534954955899811,10.235416683952987,0.9888495109651132,-31.665410418063402,-11.19541321783389,-4.420859526842833,0.17708441810931183,8.467744363732141e-05,-9.37666130065918,0.021542910984083088,-3.8377084732055664,83.16773955014777,0.10838985017294513,9.985012936876542,0.6384706301179213,-30.946016687899828,-11.69649488917681
The British Invasion was of the US music scene.,The Beatles,0.9971252025668056,0.0,1.0,0.9971252025668056,-3.6465867698192596,0.17907540788295037,0.0001576007722724375,-8.75544548034668,0.08038735600263952,-2.62582790851593,38.34356702053683,0.05484951038597885,8.039530461828223,1.6831478628794925,-36.465867698192596,-11.531519878065016,-3.5451745092868805,0.22081764774640333,0.0005532605706364476,-7.49968147277832,0.06970772144126801,-2.9709877967834473,34.64573081652805,0.07804466107487494,7.6114386866061245,0.9300549003564745,-21.271047055721283,-8.683868596874602
The Beatles experimented with various genres.,The Beatles,0.998957492189237,0.0,1.0,0.998957492189237,-3.0465669525521144,0.3344793152668255,0.00013104209493628816,-8.93999195098877,0.14234032751223094,-1.9495344161987305,21.042978731758648,0.15901521629043397,9.651801811588886,0.9195384332559218,-21.3259686678648,-8.06045850896081,-3.828741784393787,0.24966560407286278,0.00013104209493628816,-8.93999195098877,0.14234032751223094,-1.9495344161987305,46.00461807541142,0.1230882297038306,10.9145196929845,0.6483074986970215,-19.143708921968937,-8.561326898198352
The Beatles incorporated rock into their music.,The Beatles,0.994672455570499,0.0,1.0,0.994672455570499,-3.1862721433863044,0.37979585589647336,6.565092754127206e-05,-9.631158828735352,0.0856708050050101,-2.5212291479110718,24.198052225801668,0.19762178454450102,10.281429381206012,0.6101026247325319,-25.490177147090435,-9.012138557177005,-2.8921994753181934,0.4867446820067614,6.565092754127206e-05,-9.631158828735352,0.4967878946728564,-1.4736112244427204,18.032928996880415,0.21668267045789988,12.148126872432554,0.3457999968757859,-17.35319685190916,-7.084412948874805
The Beatles incorporated pop into their music.,The Beatles,0.9944860197037914,0.0,1.0,0.9944860197037914,-3.3312579670455307,0.38054765896133536,6.565092754127206e-05,-9.631158828735352,0.08605734311879273,-2.5143712759017944,27.97350933162707,0.19977345038180572,10.922919143774674,0.5753974938235942,-26.650063736364245,-9.422220393518428,-3.153197285719216,0.48753538009945446,6.565092754127206e-05,-9.631158828735352,0.497174432786639,-1.466753352433443,23.410796052240332,0.2195420257641336,13.467186662401437,0.3050478389783654,-18.919183714315295,-7.723724408340978
The Beatles incorporated folk into their music.,The Beatles,0.9927680076265576,0.0,1.0,0.9927680076265576,-2.8630145735805854,0.38787722108284095,6.565092754127206e-05,-9.631158828735352,0.0842877268815376,-2.5465677976608276,17.514245416303844,0.19777614023774936,9.354055523981934,0.7001354752286547,-22.904116588644683,-8.097828078458974,-2.622846636145065,0.4968276926424513,6.565092754127206e-05,-9.631158828735352,0.49540481654938384,-1.4989498741924763,13.774879897759927,0.215236518219334,11.565570631955838,0.4174973946660247,-15.737079816870391,-6.4246359321307
The Beatles incorporated classical into their music.,The Beatles,0.9968227103022148,0.0,1.0,0.9968227103022148,-3.5079995600972325,0.3865085791815705,6.565092754127206e-05,-9.631158828735352,0.08353575095211571,-2.560902953147888,33.38142341575342,0.20350767646731477,13.932234503256371,0.5893971407294136,-28.06399648077786,-9.922121109376715,-2.7385033645356693,0.49610477336832176,6.565092754127206e-05,-9.631158828735352,0.49465284061996195,-1.5132850296795368,15.463824061345608,0.22219068908340753,11.75037687984591,0.33952253299130275,-16.431020187214017,-6.707935902007345
The Beatles incorporated psychedelia into their music.,The Beatles,0.995198529490802,0.0,1.0,0.995198529490802,-2.4553815681332103,0.5231092602310785,6.565092754127206e-05,-9.631158828735352,0.6749855121195589,-0.39306405186653137,11.65087830472194,0.19845890385067558,10.548928709096081,0.7390824074852935,-22.09843411319889,-7.36614470439963,-2.792242781425427,0.559662101938929,6.565092754127206e-05,-9.631158828735352,0.937597295723338,-0.06443474441766739,16.31757554853863,0.22677914989868048,12.829347360433138,0.2246235373509845,-19.54569946997799,-7.387579999766962
The Beatles released groundbreaking albums.,The Beatles,0.9984601406019782,0.0,1.0,0.9984601406019782,-4.208413102974494,0.2179755117026618,2.4573813647431314e-06,-12.916414260864258,0.09440699143631551,-2.385403633117676,67.2497366826392,0.1074209116457183,18.0626069231309,0.8267782701733499,-25.250478617846966,-10.308464729130352,-4.618160937726498,0.23849806777872531,2.4573813647431314e-06,-12.916414260864258,0.07345125155028688,-2.611133337020874,101.3075498129264,0.1263780421274909,20.667768579253348,0.5776323869335089,-23.09080468863249,-10.326521787790622
"One of their albums is titled ""Sgt.",The Beatles,0.0,0.9997157019203602,0.0,0.9997157019203602,-2.0222522667609155,0.451846117527928,0.0003724033246873332,-7.895533084869385,0.305261351913183,-1.2551810145378113,7.5553223865568215,0.17210079890071123,5.650380625156306,1.337385286559987,-20.222522667609155,-6.394923166402909,-2.406071633915417,0.39913502094910314,0.0003724033246873332,-7.895533084869385,0.14357687045832246,-2.0123218297958374,11.090308667309815,0.18584121563527656,6.287665196947344,0.887272753636994,-19.248573071323335,-6.80539827344875
The Beatles' music had a significant impact on popular culture.,The Beatles,0.9985473697901264,0.0,1.0,0.9985473697901264,-1.3709504025561425,0.47212010700076407,0.013824512577017004,-4.281311988830566,0.518068257753435,-0.6597628891468048,3.9390926407262694,0.12799737973692102,1.937979927033525,2.276957765382348,-16.45140483067371,-4.749111503768488,-1.2279669735580683,0.46335075518056545,0.04242788189109187,-3.159949541091919,0.518068257753435,-0.6597628891468048,3.4142811516965352,0.0990273978465936,1.3398111574551703,1.8132389218634093,-9.823735788464546,-3.4732150963041275
The Beatles were influential in the music industry.,The Beatles,0.9852856400012427,0.0,1.0,0.9852856400012427,-1.8115798640582297,0.40135323361461667,0.002100381965157708,-6.16563606262207,0.3839535614721863,-0.9572336673736572,6.120108738274052,0.12166755544159469,3.471622695015002,1.7310589208583953,-16.304218776524067,-5.434739592174689,-2.411357541382313,0.39437684145458635,0.002100381965157708,-6.16563606262207,0.06532388032420926,-2.7283976078033447,11.149086222205002,0.19005365316654474,5.094444749684822,0.4785467752017195,-12.056787706911564,-5.391959380587613
"""Pepper's Lonely Hearts Club Band"" was released in 1967.",The Beatles,0.999756917219408,0.0,1.0,0.999756917219408,-1.4247187114415283,0.5889057075609616,1.968583249989064e-05,-10.835611343383789,0.7034532109584108,-0.35209856927394867,4.156688449393285,0.14737202487241463,6.824713096251916,2.413093080657422,-22.795499383064453,-5.698874845766113,-1.4165165614977013,0.6187269008847072,1.968583249989064e-05,-10.835611343383789,0.8066663288834072,-0.22039451450109482,4.1227341071219294,0.1480362621356326,7.625087057044557,1.9591349799203104,-19.83123186096782,-5.300119655815498
"""Revolver"" was released in 1966.",The Beatles,0.9995429756974372,0.0,1.0,0.9995429756974372,-1.882106738927012,0.4486694258209113,0.00020346662263511926,-8.500008583068848,0.351547600358463,-1.04541015625,6.567325939581669,0.14235315814313623,5.666818974572165,1.868730103024816,-20.703174128197134,-6.242241868420287,-1.9185377805390291,0.4624086744644021,0.00020346662263511926,-8.500008583068848,0.351547600358463,-1.04541015625,6.810992019418719,0.14684566162068202,6.481467297660145,1.5010266652324322,-17.266840024851263,-5.755613341617088
"""Abbey Road"" was released in 1969.",The Beatles,0.9998058955507068,0.0,1.0,0.9998058955507068,-1.7256699186424764,0.4912630686764638,0.00014104235681519116,-8.866450309753418,0.4441766993862687,-0.8335891962051392,5.616282221867951,0.15270771542933584,5.7834880424104895,1.9458416186965057,-20.708039023709716,-5.97789595236404,-1.7192332126927794,0.53032948612163,0.00014104235681519116,-8.866450309753418,0.5369124407741411,-0.685117170214653,5.580247960060716,0.16252247587847676,6.682261407653124,1.4514407983025543,-17.192332126927795,-5.4366927811178885
These albums are considered some of the greatest albums of all time.,The Beatles,0.990819110107448,0.0,1.0,0.990819110107448,-1.7457234413327218,0.47844500482188584,0.0002090489020444333,-8.472942352294922,0.31804943164184596,-1.1455484628677368,5.730045327952088,0.15132533121662445,5.39998653415092,2.1877871989750766,-22.694404737325385,-6.294295380504581,-2.4067071205418973,0.33524019048540526,0.0002090489020444333,-8.472942352294922,0.1956127886000208,-1.6316181421279907,11.09735864999903,0.13422757898254864,6.345358606774484,1.5820722424772784,-21.660364084877074,-7.220121361625691
"Some of The Beatles' most famous songs include: ""I Want to Hold Your Hand"", ""Yesterday"", ""Hey Jude"", ""Let It Be"", ""Come Together"", ""Yellow Submarine"", ""Strawberry Fields Forever"" and ""Penny Lane"".",The Beatles,0.985627021779976,0.0,1.0,0.985627021779976,-0.6944489361700903,0.714484876443607,0.0005469648367593387,-7.5111260414123535,0.8746800240268076,-0.1339125707745552,2.0026052065235023,0.10703362877991923,1.818710049818685,7.136937086168441,-36.111344680844695,-5.00774249510536,-0.711715948802213,0.71595544928269,0.0005469648367593387,-7.5111260414123535,0.8746800240268076,-0.1339125707745552,2.037484479747876,0.10797765315619716,1.9426348671753209,6.430251964803538,-34.16236554250622,-4.930912735530091
The Beatles had relationships and creative differences.,The Beatles,0.9985621112540494,0.0,1.0,0.9985621112540494,-4.443713960237801,0.14741739511528743,1.5944885895867574e-05,-11.046372413635254,0.015236698561191317,-4.188613653182983,85.09037783246121,0.0907644704834161,9.781194865612594,0.7021880029416683,-35.54971168190241,-12.568721099749908,-4.8828423383335275,0.1745477895793931,1.5944885895867574e-05,-11.046372413635254,0.012601584071405837,-4.378355026245117,132.0053349864327,0.11726368404214582,11.95878217684995,0.3847325553131837,-29.297054030001163,-11.960472223375405
The Beatles' relationships and creative differences led to their breakup.,The Beatles,0.9974870738983256,0.0,1.0,0.9974870738983256,-2.729087569595625,0.31014022336226604,4.207390940743715e-06,-12.378667831420898,0.1481114694011032,-1.9348523616790771,15.318903208201034,0.11584996949079662,10.279208941988069,2.123770801197857,-32.7490508351475,-9.453836657688575,-3.057356630265713,0.2622006428001085,4.207390940743715e-06,-12.378667831420898,0.1116440309331662,-2.4349902868270874,21.271254989431856,0.08747697411599871,11.458679877438492,1.8590620612378603,-30.573566302657127,-9.668210571056939
The Beatles broke up in 1970.,The Beatles,0.99715839632045,0.0,1.0,0.99715839632045,-1.1159808862333496,0.6023569788607966,0.018079584995834612,-4.012971878051758,0.7991111718165124,-0.22425520420074463,3.052560926159506,0.15328239986552614,2.0971513834100852,1.1475419050434716,-10.043827976100147,-3.347942658700049,-1.0755350029628192,0.6578521898905604,0.018079584995834612,-4.012971878051758,0.8959088731500605,-0.1099165752530098,2.93156087481457,0.15873041456077597,2.456451240971057,0.6492926065053304,-7.528745020739734,-2.845598144184737
John went on to pursue a solo career.,The Beatles,0.9990825316317066,0.0,1.0,0.9990825316317066,-3.0028014997434287,0.3480413681863979,4.168977474462393e-05,-10.085254669189453,0.0472580227915859,-3.0521328449249268,20.141885443052768,0.16091857148402836,9.324221599986053,1.0120993339549524,-27.025213497690856,-9.008404499230286,-3.9629004448652267,0.21072068240561634,4.168977474462393e-05,-10.085254669189453,0.02263493783999357,-3.7910139560699463,52.60969639501133,0.09984779173142878,10.248556008911498,0.7041276341206674,-23.77740266919136,-9.707083991368266
Paul went on to pursue a solo career.,The Beatles,0.9996455317387242,0.0,1.0,0.9996455317387242,-2.9431286028379366,0.34502130381116125,7.215785037543226e-05,-9.536654472351074,0.07293753397304792,-2.618151903152466,18.97511915495383,0.16717521866745108,8.404984494625895,0.975539126677743,-26.48815742554143,-8.82938580851381,-3.956390380859375,0.19271073731650543,7.215785037543226e-05,-9.536654472351074,0.01838046626970225,-4.072346925735474,52.26831631291014,0.09695408359382594,8.802348393859518,0.6679057468667147,-23.73834228515625,-9.691137656361072
The Beatles influenced music.,The Beatles,0.9951683023868384,0.0,1.0,0.9951683023868384,-3.722445197403431,0.2156796188357398,0.0005760391963808737,-7.459334850311279,0.017121741718993836,-4.067406177520752,41.36541715825401,0.13203245265528604,6.240764815826188,0.42112431706895287,-18.612225987017155,-8.323640503911696,-4.113139087334275,0.24075871694303988,0.0005760391963808737,-7.459334850311279,0.01243076642622032,-4.464393377304077,61.13833523375399,0.16189576000972963,7.037747441636262,0.17197785969394044,-16.4525563493371,-8.22627817466855
The Beatles influenced popular culture.,The Beatles,0.9946650224110124,0.0,1.0,0.9946650224110124,-3.5813715445498624,0.18599498864889244,0.0005760397457349225,-7.459333896636963,0.025451005433889652,-3.6710633039474487,35.922776763403895,0.11437696813864517,5.0369457262002015,0.5521762779176573,-21.488229267299175,-8.772532863470436,-3.8657110676169397,0.2001214401142021,0.0005760397457349225,-7.459333896636963,0.025164708384116406,-3.6823127269744873,47.73720474759306,0.13605502198036368,5.5592410851721645,0.3030303946778164,-19.328555338084698,-8.643992728564763
The Beatles were inducted into the Rock and Roll Hall of Fame in 1988.,The Beatles,0.9988403340328796,0.0,1.0,0.9988403340328796,-0.787520613781655,0.7466524306657624,0.0011709242871559902,-6.749961853027344,0.9868648073768578,-0.013225248083472252,2.1979401224604973,0.1327043380607407,2.7082288607415332,1.6060031094715885,-14.175371048069792,-3.341166997975203,-0.34304734054471325,0.8509031550673687,0.061836378125051994,-2.7832634449005127,0.9931454487861748,-0.006878151558339596,1.4092354743223214,0.08868320946344181,0.6549765005402425,0.6569202342732482,-3.7735207459918456,-1.137759313916087
The Beatles have won numerous awards.,The Beatles,0.9985263382074934,0.0,1.0,0.9985263382074934,-2.165908350476197,0.3035329457336053,0.018264209325501116,-4.002811908721924,0.09797573053415917,-2.323035478591919,8.722521425952678,0.14579690781188756,2.0723551662820254,0.9915026205561239,-15.161358453333378,-5.730454857918143,-1.877568931877613,0.39648388461684336,0.018264209325501116,-4.002811908721924,0.09797573053415917,-2.323035478591919,6.537592195656055,0.17309437944496608,2.3988467633555834,0.6449701526385259,-9.387844659388065,-4.198371764120014
The Beatles have won 17 Grammy Awards.,The Beatles,0.0,0.9976365458662216,0.0,0.9976365458662216,-1.8361819385447435,0.3583891098256975,0.026948080663374594,-3.6138432025909424,0.08371735213335135,-2.480309009552002,6.272543526824359,0.16509848055760779,1.6929420619696016,1.3019529514559056,-16.525637446902692,-5.508545815634231,-1.5360176647081971,0.4404558273400367,0.057280427923321615,-2.8597962856292725,0.08371735213335135,-2.480309009552002,4.646051247335103,0.18140384469352716,1.6201519915035354,0.9554204835383076,-10.75212365295738,-4.063920750220083
"In 1995, the Beatles were awarded MBEs.",The Beatles,0.0,0.9998729890865692,0.0,0.9998729890865692,-2.752601528683534,0.3015192381420599,6.348528472935325e-05,-9.664702415466309,0.12817561638282096,-2.054353952407837,15.683379619940974,0.10316187124178088,7.6036434726424975,2.366433545608829,-35.78381987288594,-9.924645952589044,-2.779785853293207,0.2994473771956487,6.348528472935325e-05,-9.664702415466309,0.3602478281766341,-1.0209630727767944,16.115569482347993,0.07838631098341294,8.560739018183693,1.8499895723268944,-25.018072679638863,-8.339357559879621
The Beatles were awarded by Queen Elizabeth II.,The Beatles,0.9555695679983076,0.0072958615685422,1.0,0.9555695679983076,-2.75431020061175,0.3817667853862502,0.00039807056725608904,-7.82888126373291,0.11536311638764553,-2.15967059135437,15.710200277764304,0.17556202653090613,7.884793178472439,1.0067889419954565,-24.788791805505753,-8.26293060183525,-2.425141597787539,0.4892960771495598,0.00039807056725608904,-7.82888126373291,0.4887110438250591,-1.6438501961529255,11.303829903269431,0.21576293319579723,7.943605855909553,0.38435605250045835,-14.550849586725235,-5.940359468577386
MBE stands for Members of the British Empire.,The Beatles,0.9687335161949916,0.0258158741274924,1.0,0.9687335161949916,-2.7392849581490735,0.47555671731242627,1.3020776164752853e-05,-11.248964309692383,0.49682894703811264,-1.0157260596752167,15.475915212038313,0.1889593020951157,12.364147464504843,0.9448462447336979,-27.392849581490736,-8.66237962799009,-3.702231311549743,0.3290584297694415,1.3020776164752853e-05,-11.248964309692383,0.10796395749323813,-2.3398431539535522,40.53765566090615,0.15381651198672971,15.338979712481537,0.6994876996616475,-22.213387869298458,-9.068577623051809
