concept,title,true_score,false_score,ground_truth,confidence,unc_mean_logprobs,unc_mean_probs,unc_min_prob,unc_min_logprob,unc_median_prob,unc_median_logprobs,unc_PPL,unc_var_prob,unc_var_logprob,unc_entropy,unc_log_likelihood,unc_sqrt_normalized_log_likelihood,unc_mean_logprobs_no_stopwords,unc_mean_probs_no_stopwords,unc_min_prob_no_stopwords,unc_min_logprob_no_stopwords,unc_median_prob_no_stopwords,unc_median_logprobs_no_stopwords,unc_PPL_no_stopwords,unc_var_prob_no_stopwords,unc_var_logprob_no_stopwords,unc_entropy_no_stopwords,unc_log_likelihood_no_stopwords,unc_sqrt_normalized_log_likelihood_no_stopwords,unc_exp_mean_logprobs,unc_exp_mean_logprobs_no_stopwords,unc_Inv_PPL,unc_Inv_entropy,unc_Inv_PPL_no_stopwords,unc_Inv_entropy_no_stopwords,unc_Inv_entropy_normalized_v2,unc_Inv_entropy_normalized,unc_seq_len,unc_Inv_entropy_normalized_v2_no_stopwords,unc_Inv_entropy_normalized_no_stopwords,unc_seq_len_no_stopwords
Elizabeth II is the Queen of the other Commonwealth realms.,Elizabeth II,0.98880138558536,0.002777339010907,1.0,0.98880138558536,-2.4812011611224576,0.3968920835254558,1.175095726371236e-05,-11.35157585144043,0.44489791990474437,-0.8099104166030884,11.955616418227677,0.12222257684299175,10.813242458638284,2.077921684290935,-27.293212772347033,-8.229213280837346,-3.6207954119225696,0.2558082524348643,1.175095726371236e-05,-11.35157585144043,0.07169447121748677,-2.6353416442871094,37.367278383159885,0.11211332802534588,13.37128612059819,1.070533856941562,-25.34556788345799,-9.579724208190793,11.955616418227676,37.367278383159885,0.08364269687302679,0.481250091165605,0.026761381702625278,0.9341133804557363,1.5961259827206418,5.293751002821655,11.0,2.471431701023741,6.538793663190154,7.0
"Elizabeth II has been on the throne since February 6, 1952.",Elizabeth II,0.9985044703207347,0.0,1.0,0.9985044703207347,-1.3462620017380686,0.5526974927671477,0.0010819632525301641,-6.828978061676025,0.6470846654057854,-0.4859243854880333,3.8430333964121655,0.17131646984612528,3.204827721911008,2.163225801128251,-21.5401920278091,-5.385048006952275,-1.3847686220542528,0.6045677730797065,0.0010819632525301641,-6.828978061676025,0.8540860387752758,-0.15774938464164734,3.99390169712992,0.17754064386108656,4.091205539781665,1.2081400827581523,-16.617223464651033,-4.79697922025022,3.8430333964121655,3.99390169712992,0.2602111136826431,0.46227259284649824,0.250381725899417,0.8277185851801441,1.849090371385993,7.396361485543972,16.0,2.867301287802074,9.93262302216173,12.0
Elizabeth II is the longest-reigning British monarch in history.,Elizabeth II,0.9992947271219148,0.0,1.0,0.9992947271219148,-0.7535265775936401,0.6368413592327785,0.06269080152007415,-2.769540548324585,0.74526398694962,-0.2940167784690857,2.1244789612250985,0.12381730824844459,0.8886642419319458,2.1552344114800057,-9.79584550871732,-2.7168787129387635,-0.719797593369367,0.6918880072338419,0.06269080152007415,-2.769540548324585,0.8808839908584287,-0.13204896170645952,2.054017421820488,0.14069787113832002,1.099784129683584,1.1673671636369856,-7.1979759336936695,-2.2761998493549123,2.1244789612250985,2.054017421820488,0.4707036493424918,0.4639866525299664,0.48685078781546753,0.856628515131824,1.6729276668276871,6.031826482889563,13.0,2.7088972164645777,8.56628515131824,10.0
"Elizabeth Alexandra Mary Windsor was born on April 21, 1926.",Elizabeth II,0.999462481744726,0.0,1.0,0.999462481744726,-1.4804964905934563,0.7170836613002115,4.4770723122563263e-07,-14.619126319885254,0.945981257495109,-0.05553252249956131,4.395127278653461,0.14947451347457635,13.200038523908793,1.2436388885140448,-22.207447358901845,-5.733938252186982,-1.5765930570039648,0.7489798504986658,4.4770723122563263e-07,-14.619126319885254,0.9727805856537775,-0.027596725150942802,4.838443397937684,0.15264005335012706,15.10205844366757,0.7213117972518088,-20.49570974105154,-5.684487107568315,4.395127278653461,4.838443397937684,0.22752469646484752,0.8040919347535398,0.20667804038510307,1.3863630177823107,3.1142346721201606,12.061379021303095,15.0,4.998602947021116,18.02271923117004,13.0
Elizabeth Alexandra Mary Windsor was born in London.,Elizabeth II,0.9991843899908076,0.0,1.0,0.9991843899908076,-2.8908612412115975,0.38879966943045585,4.4771491669557575e-07,-14.619109153747559,0.22815231210827316,-1.4777418375015259,18.00881285637491,0.15091316078733644,18.59316346731393,1.4585135204035902,-26.017751170904376,-8.672583723634792,-3.236737670460051,0.44555545804556196,4.4771491669557575e-07,-14.619109153747559,0.2716539265244741,-1.303226351737976,25.450558060064957,0.17912319289932926,23.355436539228247,0.8348760886895512,-22.657163693220355,-8.563602935191827,18.00881285637491,25.45055806006496,0.055528368692332304,0.6856295714854166,0.03929186926431773,1.1977825374896443,2.05688871445625,6.1706661433687495,9.0,3.169034718933499,8.38447776242751,7.0
Elizabeth Alexandra Mary Windsor was born in England.,Elizabeth II,0.9994745075795314,0.0,1.0,0.9994745075795314,-3.1719328643779994,0.36155422675384613,4.4771491669557575e-07,-14.619109153747559,0.15215650644689593,-1.8828456401824951,23.853545495498217,0.1632614473161978,18.37793744710275,1.195760186200973,-28.547395779401995,-9.515798593133999,-3.5981154716739963,0.41052560317563513,4.4771491669557575e-07,-14.619109153747559,0.06269096593345978,-2.769537925720215,36.52932898172742,0.19870316854063083,22.799712373351518,0.5721227544869343,-25.186808301717974,-9.519718726543264,23.853545495498217,36.52932898172742,0.04192248905676206,0.8362880881467387,0.027375263326085645,1.747876643879993,2.508864264440216,7.526592793320648,9.0,4.624446922124669,12.235136507159952,7.0
Elizabeth II was the first child of Prince Albert.,Elizabeth II,0.9996857981117554,0.0,1.0,0.9996857981117554,-2.56505589238368,0.3602413720532888,0.00034237032137776423,-7.979617595672607,0.14655164463301942,-2.118711829185486,13.001385027763463,0.16066848196184,6.539933223210535,1.3300410732543848,-25.650558923836797,-8.111418945568177,-3.0240702647050575,0.34615482462210007,0.00034237032137776423,-7.979617595672607,0.06269089120004923,-2.7695391178131104,20.57486663620231,0.172899806195993,8.08424994468326,0.7323179513202673,-21.168491852935404,-8.00093786759485,13.001385027763463,20.57486663620231,0.07691488236557693,0.7518564803064086,0.04860298818367355,1.3655270886056243,2.3775789513257832,7.518564803064086,10.0,3.612845084972544,9.55868962023937,7.0
Prince Albert was the Duke of York.,Elizabeth II,0.0003262906530631,0.9726587964318444,0.0,0.9726587964318444,-3.1992210216340027,0.25535212074086006,0.00045049568989612333,-7.705162048339844,0.06331884497391244,-2.904902219772339,24.51342732814943,0.11608612665997524,6.504649552690395,1.0860892364677068,-25.59376817307202,-9.048763515647831,-4.4185559272766115,0.1261915501157683,0.00045049568989612333,-7.705162048339844,0.01300592825171009,-4.342350006103516,82.97637487980643,0.05243274666389791,5.88938980754725,0.4974631874557508,-22.092779636383057,-9.88019141577512,24.51342732814943,82.97637487980643,0.04079396922402903,0.9207346564379044,0.012051623145124472,2.0101989960592803,2.6042308769628333,7.365877251503235,8.0,4.494941603490383,10.050994980296402,5.0
Prince Albert later became King George VI.,Elizabeth II,0.9984934154396888,0.0010317408064588,1.0,0.9984934154396888,-3.6562003856524825,0.2663887109221797,1.4165711407945017e-05,-11.16468620300293,0.1972061675209657,-2.039703607559204,38.71396492238817,0.09458832886054605,13.499502305931603,1.356564735753581,-29.24960308521986,-10.341296344286961,-3.6562003856524825,0.2663887109221797,1.4165711407945017e-05,-11.16468620300293,0.1972061675209657,-2.039703607559204,38.71396492238817,0.09458832886054605,13.499502305931603,1.356564735753581,-29.24960308521986,-10.341296344286961,38.71396492238817,38.71396492238817,0.025830472337430438,0.7371561221105258,0.025830472337430438,0.7371561221105258,2.084992370950126,5.897248976884207,8.0,2.084992370950126,5.897248976884207,8.0
Elizabeth II's mother was Elizabeth Bowes-Lyon.,Elizabeth II,0.9993946074640536,0.0,1.0,0.9993946074640536,-1.6980863992344397,0.47676186145451,0.008328017831523907,-4.788129806518555,0.5221890996838949,-0.6497254967689514,5.463482457853923,0.18521356995876756,2.9717758608200238,1.291385358393734,-18.678950391578837,-5.631915447866279,-1.807910051183717,0.4695486445976654,0.008328017831523907,-4.788129806518555,0.2939346550205566,-1.686341553926468,6.097690245429881,0.20316259148298177,3.1362798670997902,0.9621313404935437,-18.07910051183717,-5.717113566452139,5.463482457853923,6.097690245429881,0.18303344207913938,0.774362194445066,0.16399652323262626,1.0393591372743671,2.5682688508105147,8.517984138895727,11.0,3.2867421806946115,10.393591372743673,10.0
Elizabeth Bowes-Lyon was the wife of Prince Albert.,Elizabeth II,0.9957785767625724,0.0008013357781868,1.0,0.9957785767625724,-2.6236091927282055,0.4965582861475175,6.736037943108351e-07,-14.210623741149902,0.42413203667707733,-0.865093857049942,13.785388029121105,0.19499230914451282,15.608428819874598,1.193143622534857,-31.483310312738467,-9.088448842020037,-3.305755437844103,0.4568620158676446,6.736037943108351e-07,-14.210623741149902,0.06945686212558314,-2.6670494079589844,27.269133945457337,0.22864859109551913,18.891388246455243,0.4704890712940171,-29.751798940596927,-9.91726631353231,13.785388029121105,27.269133945457337,0.07254057686932992,0.8381220677151007,0.0366714983321495,2.1254478818171783,2.9033400084544745,10.057464812581209,12.0,6.376343645451534,19.129030936354603,9.0
Elizabeth was educated at home.,Elizabeth II,0.9995522693812814,0.0,1.0,0.9995522693812814,-3.324071346471707,0.24333079522335369,0.0004226405053907835,-7.768988609313965,0.05507508748950508,-2.9087111949920654,27.773194987679172,0.1105748402471347,6.878453592241381,0.7969040531506661,-19.944428078830242,-8.142278667461914,-3.018853411078453,0.13868702002663913,0.0043500240299971715,-5.4375739097595215,0.05507508748950508,-2.9087111949920654,20.467810060616923,0.030770823447845878,2.686582651094007,0.7031157917995798,-12.075413644313812,-6.037706822156906,27.77319498767917,20.467810060616923,0.03600594027599716,1.2548562101627756,0.048857205389263754,1.4222408480409237,3.0737574154614906,7.529137260976654,6.0,2.8444816960818473,5.688963392163695,4.0
Elizabeth's early life was marked by the abdication of her uncle.,Elizabeth II,0.999932220207154,0.0,1.0,0.999932220207154,-1.898118473564682,0.5747502211265745,9.092763161992522e-05,-9.30544662475586,0.7404162345338092,-0.30054277181625366,6.6733265822305015,0.17123214624872934,8.169455828659535,1.6565020734233773,-28.47177710347023,-7.351381237244657,-2.4067925726657533,0.5250064841143751,9.092763161992522e-05,-9.30544662475586,0.6741671611788544,-0.3942771852016449,11.09830698338284,0.18979839972072024,10.020253365785658,1.017624370732212,-26.474718299323285,-7.982427911746488,6.6733265822305015,11.09830698338284,0.1498503014467724,0.6036817074024965,0.09010383308889093,0.982680868069688,2.3380491991799275,9.055225611037446,15.0,3.2591837280478915,10.809489548766567,11.0
Her uncle was King Edward VIII.,Elizabeth II,0.9996672120162092,0.0,1.0,0.9996672120162092,-2.863765785736697,0.338237231482252,0.0006222570258469563,-7.382157325744629,0.12416840221561375,-2.0861165523529053,17.527407273420263,0.16786397029134872,7.206595292566038,0.8296028520661904,-20.04636050015688,-7.576812082194784,-2.9933739913006625,0.37391536969335837,0.0006222570258469563,-7.382157325744629,0.14505691206768412,-2.1474980115890503,19.952889926192473,0.1869307918497645,8.290106499347134,0.5705730929249854,-17.960243947803974,-7.332238888004915,17.527407273420263,19.95288992619248,0.05705350394387578,1.205396048855693,0.05011805325940701,1.7526238310215452,3.1891781766120273,8.437772341989852,7.0,4.293034097044632,10.515742986129272,6.0
King Edward VIII abdicated in 1936.,Elizabeth II,0.9994828438013894,0.0,1.0,0.9994828438013894,-1.630314575920982,0.5545173659049221,0.0003359494222996037,-7.998549938201904,0.8705548308334596,-0.13862453401088715,5.1054805271880115,0.17744490536943913,5.41828665798561,1.2774634636672026,-17.933460335130803,-5.40714173857728,-1.4883535007829778,0.6052328564012257,0.0003359494222996037,-7.998549938201904,0.8890524115664384,-0.11781558021903038,4.429795855799738,0.16689672516729576,5.7384329083864545,1.1330114944772391,-14.883535007829778,-4.7065870259594105,5.105480527188012,4.429795855799738,0.19586794909406469,0.782801252984026,0.22574403709614377,0.8826035789349079,2.5962580415680896,8.610813782824286,11.0,2.7910375804505185,8.82603578934908,10.0
The abdication of King Edward VIII led to her father becoming the monarch.,Elizabeth II,0.9994974910999104,0.0,1.0,0.9994974910999104,-2.0864701776445145,0.44161617247232376,3.7354438330881745e-05,-10.195058822631836,0.284959387480744,-1.2666730284690857,8.056427158395154,0.17233412768948125,6.700727948022844,2.200417823193099,-33.38352284231223,-8.345880710578058,-2.4192840621690266,0.4029960370718291,3.7354438330881745e-05,-10.195058822631836,0.19792865489028064,-1.6457827687263489,11.237810860196893,0.17919108594777336,7.959572700608217,1.5159416654818585,-29.03140874602832,-8.380645827236753,8.056427158395154,11.237810860196891,0.12412450089093845,0.4544591438315415,0.08898530260389872,0.6596559899170917,1.817836575326166,7.271346301304664,16.0,2.285115380107092,7.915871879005101,12.0
Her father became the monarch.,Elizabeth II,0.9989062216121202,0.0,1.0,0.9989062216121202,-4.105410695075989,0.039622823609255085,0.001963815900628547,-6.232865810394287,0.014328399628158702,-4.270772933959961,60.66765533920573,0.002678882394284014,1.9240206612310307,0.602448728043164,-24.632464170455933,-10.056161387500993,-4.547025346755982,0.017553911175582616,0.001963815900628547,-6.232865810394287,0.01114803103048087,-4.496492385864258,94.35132798006883,0.0002924374971101976,1.1386837900065894,0.3179099927268548,-22.735126733779907,-10.167457770760928,60.66765533920573,94.35132798006885,0.016483247859321214,1.659892291993274,0.01059868495132622,3.1455444084111894,4.0658891433623845,9.959353751959643,6.0,7.033651123451782,15.727722042055948,5.0
Elizabeth's father died in 1952.,Elizabeth II,0.9997029545267452,0.0,1.0,0.9997029545267452,-2.6083869482390583,0.3582053059054986,9.092815191349535e-05,-9.305440902709961,0.06945456035063759,-2.6670825481414795,13.577132561328288,0.162678771827516,7.563158399297265,1.1571599538657344,-23.475482534151524,-7.825160844717175,-2.7787606953061186,0.3670026408408069,9.092815191349535e-05,-9.305440902709961,0.06607276314204868,-2.718310236930847,16.099056943003635,0.18231708038827954,8.24730827600239,0.798701544943123,-22.23008556244895,-7.859522123782408,13.577132561328288,16.099056943003635,0.07365325450591073,0.8641847625812588,0.062115439652170576,1.2520321343202259,2.592554287743776,7.7776628632313285,9.0,3.5412816497651924,10.016257074561807,8.0
Her father's death was sudden.,Elizabeth II,0.9544731138473604,0.025435847017596,1.0,0.9544731138473604,-3.6219562292099,0.06841849510911156,0.001963820582736095,-6.232863426208496,0.020299987284734134,-3.897135019302368,37.41068015177555,0.010055079106447363,2.0911138547979697,0.9124275280767368,-25.3536936044693,-9.582795442050653,-3.8002166152000427,0.06683908282355826,0.001963820582736095,-6.232863426208496,0.0189043861041206,-3.971093773841858,44.71086849813544,0.011713463822014292,2.217195474104148,0.713608883780081,-22.801299691200256,-9.308591619286712,37.41068015177555,44.71086849813544,0.026730334651575132,1.0959774548975447,0.022365926531749267,1.4013278460084007,2.8996837881924122,7.671842184282814,7.0,3.432538185074022,8.407967076050404,6.0
Elizabeth ascended to the throne in 1952.,Elizabeth II,0.999586812565449,0.0,1.0,0.999586812565449,-1.9547193324278025,0.5847863439656069,1.463364251098646e-06,-13.434772491455078,0.7843804044138043,-0.24286116659641266,7.0619366889001896,0.1468770168208666,14.257198519129771,1.544392403623831,-21.501912656705827,-6.483070596117007,-2.550333240069449,0.5263343477480535,1.463364251098646e-06,-13.434772491455078,0.6236877440929931,-0.5064500048756599,12.811372334003677,0.16681597263236259,18.248640849003408,1.0092295883651623,-20.40266592055559,-7.213431713354266,7.0619366889001896,12.811372334003677,0.14160421482845917,0.6475038323508685,0.07805565039631397,0.9908548179011347,2.1475272622250174,7.122542155859554,11.0,2.8025606436370163,7.926838543209078,8.0
Elizabeth was 25 when she became queen.,Elizabeth II,0.9983763667209846,0.0,1.0,0.9983763667209846,-2.75670527956552,0.24731664828876088,0.0004226405053907835,-7.768988609313965,0.11968891950562961,-2.122859239578247,15.74787254382627,0.09239383808245766,5.4492118614093235,1.6248913627182977,-24.810347516089678,-8.27011583869656,-2.130169863346964,0.27817839926168214,0.003686357218117073,-5.603116512298584,0.14432225931624873,-1.9504892826080322,8.416296310287269,0.0953710387847334,2.5974436941000603,1.6216078734460817,-17.041358906775713,-6.025030221807438,15.74787254382627,8.416296310287269,0.06350064094162584,0.6154257588809443,0.11881710946627395,0.6166718948366341,1.846277276642833,5.538831829928499,9.0,1.744211514424566,4.933375158693073,8.0
"Elizabeth II's coronation took place on June 2, 1953.",Elizabeth II,0.9989903256644936,1.1467312054663187e-05,1.0,0.9989903256644936,-0.9809230296464193,0.6371708116061223,0.008328061513830386,-4.7881245613098145,0.942466464737359,-0.06005059089511633,2.666916749418291,0.1669051730529842,1.9080643902385162,1.8506257529317616,-15.694768474342709,-3.9236921185856772,-0.9939445724647764,0.6492591214871196,0.008328061513830386,-4.7881245613098145,0.9800475250613455,-0.020154213532805443,2.7018712066377564,0.17569414881738551,2.032555713683159,1.4925130583131332,-14.909168586971646,-3.84953077620933,2.666916749418291,2.7018712066377564,0.37496483541082426,0.5403577673204859,0.3701138668428289,0.6700108883001795,2.1614310692819436,8.645724277127774,16.0,2.594941012164233,10.050163324502693,15.0
Elizabeth II's coronation took place at Westminster Abbey.,Elizabeth II,0.9997576322558084,0.0,1.0,0.9997576322558084,-1.592856794809367,0.4762979726986073,0.008328017831523907,-4.788129806518555,0.19713259266721475,-1.6238787174224854,4.917777962305997,0.19040307333373863,2.5287294934289815,1.3405699226269925,-17.521424742903037,-5.282908333150791,-1.4303436251844688,0.5199242190580401,0.008328017831523907,-4.788129806518555,0.47433413209019093,-0.9547576606273651,4.180135344938951,0.18850763758155925,2.4910866094550395,1.2117361150957624,-14.303436251844687,-4.523143692285099,4.917777962305997,4.180135344938951,0.20334386945991553,0.7459513921067178,0.2392267037981768,0.8252621899620206,2.4740408794612616,8.205465313173896,11.0,2.6097081870985313,8.252621899620207,10.0
Elizabeth II has reigned.,Elizabeth II,0.9987598251532276,0.0,1.0,0.9987598251532276,-2.749560963381858,0.40396613938735637,3.294308258834679e-05,-10.32072925567627,0.18377006828538878,-1.700308382511139,15.635765703349596,0.18004535963523302,12.439069097827549,0.8007734830706696,-16.497365780291148,-6.735021376960895,-2.9370482340687887,0.4520980063250223,3.294308258834679e-05,-10.32072925567627,0.2042333318717507,-1.5884921550750732,18.86009348667688,0.2021543718728486,14.715974057375254,0.5048412033037213,-14.685241170343943,-6.5674395045735245,15.635765703349596,18.86009348667688,0.06395593404074694,1.2487926000813245,0.05302200652962927,1.9808208867578951,3.0589046647627396,7.492755600487947,6.0,4.429250154042067,9.904104433789476,5.0
Elizabeth II has overseen significant changes.,Elizabeth II,0.994036559719534,0.0,1.0,0.994036559719534,-3.530254846009484,0.36891477310630816,3.451375023694593e-05,-10.274152755737305,0.11299909946109399,-2.2908299565315247,34.13266507993882,0.17846709623099408,14.788483524079396,0.818222830672712,-28.242038768075872,-9.985068563719908,-3.775702397247577,0.39828727883739096,3.451375023694593e-05,-10.274152755737305,0.06269096593345978,-2.769537925720215,43.62814184275875,0.19706044294918473,16.4191680242491,0.5222902030817185,-26.429916780733038,-9.989569567707493,34.13266507993882,43.62814184275875,0.029297448577718634,1.222160959720273,0.02292098534941333,1.9146443760568455,3.456793209278656,9.777287677762184,8.0,5.065672868174844,13.402510632397918,7.0
Changes have occurred in the United Kingdom.,Elizabeth II,0.9956541221762144,0.0,1.0,0.9956541221762144,-3.4472710366826504,0.33648171770912794,1.911043777505761e-06,-13.167860984802246,0.10342857836060965,-2.4060901403427124,31.41454608253283,0.14838792562753933,16.42140118094059,1.0102088652355086,-27.578168293461204,-9.750354906505127,-4.596175671741366,0.23919830600310008,1.911043777505761e-06,-13.167860984802246,0.05275949120404303,-2.942011594772339,99.10458153907989,0.14107378323975422,20.950310211505123,0.4951481984334285,-22.980878358706832,-10.277361238544454,31.41454608253283,99.10458153907987,0.03183238737153111,0.9898943024686992,0.010090350864411552,2.019597371380616,2.799843895734179,7.919154419749594,8.0,4.515957009586947,10.097986856903082,5.0
Changes have occurred in the world.,Elizabeth II,0.994051520678765,0.0,1.0,0.994051520678765,-4.072496733495167,0.23924683140916006,1.911043777505761e-06,-13.167860984802246,0.018646027041596763,-3.9821221828460693,58.70334638638977,0.10354556657817426,16.628204945467456,0.9109626443848968,-28.50747713446617,-10.774813571951102,-5.977546453475952,0.0447166676821593,1.911043777505761e-06,-13.167860984802246,0.012383547083841718,-4.436078071594238,394.4713260955841,0.00402017455806264,18.376217450686624,0.3959011934085741,-23.91018581390381,-11.955092906951904,58.70334638638977,394.4713260955841,0.017034804002789315,1.0977398537293737,0.0025350385030462027,2.5258827622880884,2.9043466572123426,7.684178976105616,7.0,5.051765524576177,10.103531049152354,4.0
Elizabeth II has traveled extensively.,Elizabeth II,0.9992206960152036,0.0,1.0,0.9992206960152036,-2.9838008783602468,0.2361557136090222,0.0019413162488917271,-6.244389057159424,0.11299886289621483,-2.2908316254615784,19.762790033113003,0.12030004864614674,4.758135919155099,0.8262534509926355,-17.90280527016148,-7.308789646050862,-3.218136132042855,0.2507254953910213,0.0019413162488917271,-6.244389057159424,0.06269092109340275,-2.769538640975952,24.98151451699879,0.14308638712832564,5.380285036275164,0.530321171225687,-16.090680660214275,-7.195971152096063,19.762790033113003,24.98151451699879,0.05060014291122242,1.2102823882897322,0.04002959865862197,1.8856497802808505,2.964574295986826,7.261694329738393,6.0,4.2164410904655245,9.428248901404253,5.0
Elizabeth II has visited over 120 countries.,Elizabeth II,0.9734701336435304,0.0138858019960922,1.0,0.9734701336435304,-1.7116108033288684,0.43483647684750515,0.027716927370502988,-3.58571195602417,0.16330723298872818,-1.8121219873428345,5.53787472399355,0.1804577052890155,2.2774014207972044,1.1478471685926377,-15.404497229959816,-5.134832409986605,-1.6990469053271227,0.4687776323298523,0.027716927370502988,-3.58571195602417,0.36750591870434873,-1.5832787454128265,5.468732687076893,0.19264690013085067,2.5606559345998705,0.8519145410016441,-13.592375242616981,-4.805630353243306,5.53787472399355,5.468732687076893,0.18057468791545106,0.8711961203215658,0.1828577217465922,1.1738266596837794,2.6135883609646973,7.840765082894092,9.0,3.3200831639998167,9.390613277470235,8.0
Elizabeth II has met with numerous world leaders.,Elizabeth II,0.9981934118484654,0.0,1.0,0.9981934118484654,-2.486378781381063,0.3340809383658818,0.0012762668635806736,-6.663815975189209,0.16330723298872818,-1.8121219873428345,12.01767858852839,0.15251760513416665,4.840328561313442,1.2410116964942697,-22.37740903242957,-7.4591363441431895,-2.6968229741490046,0.37977780909479525,0.0012762668635806736,-6.663815975189209,0.06269096593345978,-2.769537925720215,14.832533447300639,0.18666360582328792,6.022880302065285,0.6329262918691451,-18.877760819043033,-7.1351229195638375,12.01767858852839,14.83253344730064,0.08321074595509328,0.8057941781087941,0.06741936591971678,1.5799628058534594,2.417382534326382,7.2521476029791465,9.0,4.180188665020079,11.059739640974215,7.0
Some notable events during Elizabeth II's reign include:.,Elizabeth II,0.9965905972577314,0.0004292740636511,1.0,0.9965905972577314,-2.67419836781919,0.4454468306161828,9.465434113527109e-05,-9.265278816223145,0.3266198109629509,-1.120510756969452,14.500720934615293,0.14339364070324395,11.0958577947723,1.5378676924180672,-26.7419836781919,-8.456557757413366,-2.67419836781919,0.4454468306161828,9.465434113527109e-05,-9.265278816223145,0.3266198109629509,-1.120510756969452,14.500720934615293,0.14339364070324395,11.0958577947723,1.5378676924180672,-26.7419836781919,-8.456557757413366,14.500720934615291,14.500720934615291,0.06896208847195018,0.6502509968381281,0.06896208847195018,0.6502509968381281,2.0562742008034323,6.502509968381281,10.0,2.0562742008034323,6.502509968381281,10.0
The decolonization of Africa.,Elizabeth II,0.9723556173125576,0.0,1.0,0.9723556173125576,-3.665359933461462,0.3880392409199213,1.5999760031218042e-06,-13.345521926879883,0.11462486932432718,-2.166090488433838,39.07019630358559,0.16490146351197396,20.127363004896377,0.7902097236100843,-25.657519534230232,-9.697630849479282,-4.454322338104248,0.3703298941571942,1.5999760031218042e-06,-13.345521926879883,0.11462486932432718,-2.166090488433838,85.99785362594854,0.16854545947175748,25.101140410271615,0.4991322907575773,-22.27161169052124,-9.960167541696899,39.07019630358559,85.99785362594854,0.025594957144052716,1.265486832320268,0.011628197191403684,2.0034768707955384,3.3481634457463243,8.858407826241875,7.0,4.479910474447387,10.017384353977693,5.0
The Falklands War with Argentina.,Elizabeth II,0.994647220851473,0.0,1.0,0.994647220851473,-4.279810468533209,0.3265031394014054,1.8276596046220395e-05,-10.909889221191406,0.04110001832028762,-3.191746711730957,72.22674946820412,0.164514900656128,15.794720656895265,0.6293208007060648,-29.958673279732466,-11.323314158229698,-3.8407210908830165,0.4487805618524237,1.8276596046220395e-05,-10.909889221191406,0.3715322618552779,-0.9901195764541626,46.55903563411715,0.17782499207240315,19.526744459079254,0.4942134676305872,-19.203605454415083,-8.588113441831572,72.22674946820412,46.55903563411715,0.013845285955174032,1.589014694696334,0.02147810809180996,2.02341713752624,4.204137711793726,11.123102862874338,7.0,4.524498266346714,10.117085687631201,5.0
The devolution of power to Scotland.,Elizabeth II,0.9981943636263374,0.0,1.0,0.9981943636263374,-3.3903674110770226,0.4334049533640238,8.272385514790025e-07,-14.005172729492188,0.5305849963351661,-0.6399606466293335,29.676853872405445,0.1175487474571899,22.278298502129257,1.3580275385090417,-27.12293928861618,-9.589407148345767,-4.605308848619461,0.41931112614657345,8.272385514790025e-07,-14.005172729492188,0.5894174160686594,-0.5286206603050232,100.01386722454765,0.12077705757806774,30.672710857528465,0.7408722076985721,-23.026544243097305,-10.297783642894403,29.676853872405445,100.01386722454764,0.03369629423319142,0.736362092552177,0.009998613469818488,1.349760443985848,2.082746516209442,5.890896740417416,8.0,3.018156106092653,6.748802219929239,5.0
The devolution of power to Wales.,Elizabeth II,0.9941226747491538,0.0,1.0,0.9941226747491538,-3.7859425842761993,0.36397870043789216,8.272385514790025e-07,-14.005172729492188,0.2564262974609803,-1.9715236723423004,44.077197457636856,0.12962688140407505,21.467616868250275,1.1609761572333688,-30.287540674209595,-10.70826269809849,-5.238229125738144,0.30822912146476267,8.272385514790025e-07,-14.005172729492188,0.03410497158967973,-3.378312110900879,188.3362870370932,0.13234372631962837,27.687477571711945,0.5438208264228993,-26.19114562869072,-11.713036406869783,44.077197457636856,188.3362870370932,0.022687467844594984,0.8613441316340393,0.005309651239981427,1.8388409406416433,2.43624910565467,6.890753053072315,8.0,4.11177334308437,9.194204703208218,5.0
The UK's entry into the European Union.,Elizabeth II,0.996832309751136,0.000908993149608,1.0,0.996832309751136,-3.0697805024683475,0.32045495991713113,4.541612563400881e-05,-9.999643325805664,0.0484709505170889,-3.0267906188964844,21.537174799435647,0.1277749907371969,9.332221994109148,1.2654828400573752,-27.628024522215128,-9.209341507405043,-4.007906744877498,0.19633638209682724,4.541612563400881e-05,-9.999643325805664,0.030537029932643775,-3.700301170349121,55.03155482889965,0.07079385839731712,10.352455366091784,0.8473676368363089,-24.047440469264984,-9.817326461608946,21.537174799435647,55.03155482889965,0.046431345304687024,0.790212216512285,0.01817139281470661,1.180125315776222,2.370636649536855,7.111909948610565,9.0,2.8907048561926145,7.0807518946573325,6.0
The UK's departure from the European Union.,Elizabeth II,0.996255640960516,0.0,1.0,0.996255640960516,-2.808487238530587,0.3960441733183245,0.00043356875134148144,-7.743460178375244,0.0484709505170889,-3.0267906188964844,16.584810370376207,0.19930222521178256,7.349676536898475,0.7137760191243014,-25.276385146775283,-8.42546171559176,-3.6794957780706077,0.2551573926772173,0.00043356875134148144,-7.743460178375244,0.030537029932643775,-3.700301170349121,39.626408530257656,0.13805296079584314,7.619346306144187,0.574965280898142,-22.076974668423645,-9.012887166997963,16.584810370376207,39.626408530257656,0.06029613710785625,1.4009997158868597,0.025235696019144077,1.739235451639653,4.202999147660579,12.608997442981737,9.0,4.260239399076198,10.435412709837918,6.0
"Elizabeth II is married to Prince Philip, Duke of Edinburgh.",Elizabeth II,0.9942786809412386,0.0,1.0,0.9942786809412386,-1.1504552567360709,0.5659963213629244,0.012476644433717573,-4.383896827697754,0.6202367730240371,-0.4809456467628479,3.159631025616858,0.14978296494918641,1.963351435357492,1.8106264148372704,-13.805463080832851,-3.9852939130031437,-1.4565109631253614,0.48311505105357333,0.012476644433717573,-4.383896827697754,0.4878450114510969,-0.717757523059845,4.290962055352414,0.16137972643879847,2.223985504996645,1.3724240155847875,-13.108598668128252,-4.369532889376084,3.159631025616858,4.290962055352414,0.31649265116478875,0.5522950465128804,0.23304797085134576,0.728637788791463,1.9132061626578503,6.627540558154564,12.0,2.1859133663743893,6.5577400991231665,9.0
Elizabeth II met Prince Philip in 1934.,Elizabeth II,0.9872839726619924,0.0,1.0,0.9872839726619924,-2.3703527936246247,0.46945418663449645,7.72081462817077e-05,-9.469005584716797,0.5143733876533413,-0.7163884788751602,10.701166921703885,0.15755508383246566,9.421115799495718,1.3666856043351518,-23.703527936246246,-7.495713685996859,-2.518130846476803,0.4823567760246268,7.72081462817077e-05,-9.469005584716797,0.6754158931833588,-0.39242663979530334,12.405387405925527,0.17339643612859212,10.249522914836316,0.9990977087748256,-22.66317761829123,-7.55439253943041,10.701166921703884,12.405387405925527,0.09344775269058,0.7316971780693245,0.08061013874684336,1.0009031060898748,2.31382964021687,7.316971780693245,10.0,3.0027093182696243,9.008127954808874,9.0
"One of their children is Charles, Prince of Wales.",Elizabeth II,0.9979661294235024,0.0013240818541528,1.0,0.9979661294235024,-2.672342553790341,0.43361496291654905,0.00010113900869289532,-9.199014663696289,0.44517283718044376,-0.8092926740646362,14.473835248409525,0.1485338374179386,10.48435738552647,1.5984295056717652,-29.395768091693753,-8.863157562222705,-3.383574700623285,0.36782919223827937,0.00010113900869289532,-9.199014663696289,0.25982133784474154,-1.7033268809318542,29.47595070787267,0.1413646843316581,12.29439819986153,1.0612686161258589,-27.06859760498628,-9.57019446184787,14.473835248409523,29.47595070787267,0.06909018811098366,0.6256140770998432,0.03392596255539646,0.9422685122363094,2.0749271573046544,6.881754848098276,11.0,2.665137818803415,7.538148097890475,8.0
"Another of their children is Anne, Princess Royal.",Elizabeth II,0.9989670112006372,0.0,1.0,0.9989670112006372,-3.8029029106721284,0.29963852779434397,1.7944884134038354e-05,-10.928205490112305,0.06202656314818503,-2.881714940071106,44.83113656719665,0.13262381282388946,13.687257355459987,1.2307980523658075,-38.02902910672128,-12.025834918207776,-3.702717211795971,0.369331040388552,1.7944884134038354e-05,-10.928205490112305,0.25264877881353254,-1.6494400799274445,40.557357703999436,0.14144146955565956,16.872406881926864,1.0805163587034865,-29.621737694367766,-10.472865797108307,44.83113656719665,40.55735770399944,0.022305925670680165,0.8124809736884343,0.024656438599829893,0.9254834431196413,2.5692904324067887,8.124809736884343,10.0,2.617662474023091,7.40386754495713,8.0
"Another of their children is Prince Andrew, Duke of York.",Elizabeth II,0.9995117847658612,0.0,1.0,0.9995117847658612,-2.9052150700251027,0.3559887680896239,1.794483279338647e-05,-10.928208351135254,0.15221071588809515,-1.968804657459259,18.269172381080732,0.1542128671447771,9.602034341800005,1.5464883492828536,-34.862580840301234,-10.063960216396504,-2.9394134799432425,0.3589663879000147,1.794483279338647e-05,-10.928208351135254,0.2128187772965464,-1.5473142862319946,18.90475504194656,0.13460239385901637,11.323692734380975,1.395637131043367,-26.45472131948918,-8.818240439829728,18.26917238108073,18.90475504194656,0.05473701704383633,0.6466262745941317,0.05289674464340657,0.7165186263369248,2.239979122212041,7.759515295129582,12.0,2.1495558790107743,6.448667637032322,9.0
"Another of their children is Prince Edward, Earl of Wessex.",Elizabeth II,0.9995878849227569,0.0,1.0,0.9995878849227569,-2.801363664213568,0.34606494017242106,1.794483279338647e-05,-10.928208351135254,0.1735045820411404,-1.7515512704849243,16.467087044424943,0.14952188184793672,8.995468972970912,1.8359281973810384,-36.417727634776384,-10.100460332543705,-2.8009072684915735,0.3458471156326111,1.794483279338647e-05,-10.928208351135254,0.2563609953428845,-1.4163326621055603,16.459573251106146,0.1306005142137653,10.367647049752392,1.6842830876773822,-28.009072684915736,-8.857246483354139,16.467087044424943,16.459573251106146,0.06072719463388988,0.5446836109530347,0.060754916591339705,0.5937244203876647,1.963884688196046,7.080886942389453,13.0,1.8775214708883317,5.937244203876647,10.0
The Queen is known for her dedication to her family.,Elizabeth II,0.9642803588225012,0.0,1.0,0.9642803588225012,-1.7676894373514436,0.405778187174101,0.029801474047062494,-3.513197422027588,0.26566001681086193,-1.325537919998169,5.857304046189415,0.1421105709706758,2.3267621905322167,1.759247332158879,-19.44458381086588,-5.862762609569186,-2.1064739525318146,0.3326301169396627,0.029801474047062494,-3.513197422027588,0.03392867153800117,-3.3834948539733887,8.219208809351075,0.12169929683715683,2.4199663477888933,1.114231812501529,-14.745317667722702,-5.573206221634458,5.857304046189415,8.219208809351075,0.17072700889593903,0.5684249063335736,0.12166621182105632,0.8974793115580945,1.885252135801376,6.25267396966931,11.0,2.374507065208175,6.282355180906661,7.0
The Queen is known for her dedication to her duties.,Elizabeth II,0.993187408635973,0.0,1.0,0.993187408635973,-1.5287774618376384,0.4431248894172139,0.029801474047062494,-3.513197422027588,0.4429108172639178,-0.8143868446350098,4.612534374650542,0.12814618012386178,2.096701726377656,2.0096762758454427,-16.816552080214024,-5.070381228867318,-1.731040848152978,0.39131779189312577,0.029801474047062494,-3.513197422027588,0.4429108172639178,-0.8143868446350098,5.646528029134022,0.10708858234704548,2.261570054536489,1.3646607561880926,-12.117285937070847,-4.579903593507103,4.612534374650542,5.646528029134022,0.2168005523158324,0.4975925784760105,0.17709997981775089,0.7327828513170558,1.6503278812704012,5.473518363236115,11.0,1.9387611895977495,5.129479959219391,7.0
The Queen is known for her role as monarch.,Elizabeth II,0.9987435329165884,0.0,1.0,0.9987435329165884,-2.493435728549957,0.29720861601301274,0.0038432106938108158,-5.5614471435546875,0.1533802848367558,-2.258639395236969,12.102786659799916,0.10463418319937727,3.931561292142927,1.6859343620303062,-24.934357285499573,-7.884936101459196,-3.1980000734329224,0.24337930889329198,0.0038432106938108158,-5.5614471435546875,0.02262064667520398,-3.8420013189315796,24.483515966977894,0.10583089210002455,4.496270385135182,0.7131780947717843,-19.188000440597534,-7.833468377293794,12.102786659799916,24.48351596697789,0.08262559922018257,0.5931429019548177,0.04084380696582748,1.4021743058723617,1.8756825481391635,5.931429019548176,10.0,3.434611579828472,8.41304583523417,6.0
Elizabeth II is an accomplished horse rider.,Elizabeth II,0.9832571174482524,0.0,1.0,0.9832571174482524,-2.238967038865667,0.3130733310922195,0.005624444630707271,-5.180633068084717,0.10909830129240874,-2.2790321111679077,9.383633350958988,0.12149800680468525,3.106227447950729,1.3379555634998457,-17.911736310925335,-6.3327551041403085,-2.1597330870572478,0.3203678318070779,0.005624444630707271,-5.180633068084717,0.10909830129240874,-2.2790321111679077,8.66882352844339,0.13587393308977166,2.8947043056924895,0.9631566767108256,-12.958398522343487,-5.290244043896178,9.383633350958988,8.66882352844339,0.10656852869233238,0.7474089777572165,0.11535590691388363,1.0382526791123892,2.113991825967333,5.979271822057732,8.0,2.543189287902951,6.2295160746743345,6.0
Elizabeth II has been involved in numerous charitable organizations.,Elizabeth II,0.9958510467871416,0.0,1.0,0.9958510467871416,-2.260653092386201,0.3023870440649592,0.004600765073147167,-5.381532669067383,0.1800245458515781,-1.718992531299591,9.58934985351637,0.129486119140846,3.0983604867504844,1.6672241786106616,-22.60653092386201,-7.148812771443446,-2.772422288344907,0.23144792896545666,0.004600765073147167,-5.381532669067383,0.06269089120004923,-2.7695391178131104,15.997337279271648,0.10976494375753407,3.301488367030189,1.0112854306712822,-19.40695601841435,-7.3351399042132295,9.58934985351637,15.997337279271648,0.10428235649712003,0.5997993628147381,0.06251040298411022,0.9888405089908286,1.896732125612275,5.9979936281473805,10.0,2.616226073096262,6.9218835629358,7.0
Elizabeth II has been involved in charitable organizations throughout her life.,Elizabeth II,0.9992252149510586,0.0,1.0,0.9992252149510586,-2.190123260448066,0.3387536034412449,0.0019469238414744447,-6.241504669189453,0.16977077836367993,-1.7740314602851868,8.936314540950585,0.15206258310927737,3.5077927371187188,1.8210453926676784,-26.28147912537679,-7.586809523868911,-2.564655984389699,0.29570091111877167,0.0019469238414744447,-6.241504669189453,0.06294892205087571,-2.7654316425323486,12.996186709451843,0.1498820622464657,3.9201793295331058,1.1651069400420806,-23.081903859507293,-7.693967953169097,8.936314540950585,12.996186709451845,0.11190295455889657,0.5491351308574929,0.07694564739307122,0.8582903127878395,1.902259893732323,6.589621570289914,12.0,2.5748709383635187,7.7246128150905555,9.0
Elizabeth II's reign has been marked by stability.,Elizabeth II,0.9685247030068692,0.0,1.0,0.9685247030068692,-2.1423075903905557,0.3465394375662773,0.002372814955542626,-6.043678283691406,0.19730765943448164,-1.6289563179016113,8.51907349654005,0.14075069190870054,3.654456278944312,1.649796999076217,-21.423075903905556,-6.774571434301205,-2.789025230266686,0.2234131662202768,0.002372814955542626,-6.043678283691406,0.06269089120004923,-2.7695391178131104,16.265157288862916,0.10671074532722159,3.6481724111783356,1.0555710820516917,-19.523176611866802,-7.3790671595703055,8.51907349654005,16.265157288862916,0.11738365685025978,0.6061351793947605,0.06148111464527431,0.9473544861197984,1.916767736842204,6.061351793947604,10.0,2.5064643736943784,6.631481402838589,7.0
Elizabeth II's reign has been marked by continuity.,Elizabeth II,0.9874807224174416,0.0,1.0,0.9874807224174416,-2.464922641660087,0.3409057761926993,0.0021399625840198455,-6.146966934204102,0.19730765943448164,-1.6289563179016113,11.762572183726764,0.14427966181398294,5.040225721444285,1.4975969966355809,-24.649226416600868,-7.794769803764919,-3.249903874937445,0.21536507854373674,0.0021399625840198455,-6.146966934204102,0.06269089120004923,-2.7695391178131104,25.787860938303115,0.10975083733746559,4.968003607085521,0.903371079611056,-22.749327124562114,-8.598437437949638,11.762572183726764,25.787860938303115,0.08501541876898966,0.667736381848084,0.038777935184018474,1.1069648149800715,2.111567843199859,6.67736381848084,10.0,2.928753610535896,7.7487537048604995,7.0
Elizabeth II's reign has been marked by a commitment to public service.,Elizabeth II,0.9903378662851994,0.0,1.0,0.9903378662851994,-1.9728088956430188,0.40860038752893935,0.0007228230875796501,-7.232346057891846,0.23993899956465115,-1.4312686920166016,7.190846484738125,0.15868202009027307,4.233590323370114,2.1657869212357865,-27.619324539002264,-7.381574977076044,-2.7260105826167598,0.2792696973493254,0.0007228230875796501,-7.232346057891846,0.06269083141338493,-2.7695400714874268,15.271839586706758,0.1391082453806107,4.780193187175243,1.209012551491457,-24.534095243550837,-8.178031747850278,7.190846484738125,15.271839586706758,0.139065686094454,0.4617259390547087,0.06547999632411287,0.8271212724519561,1.7276202705291854,6.464163146765922,14.0,2.4813638173558683,7.444091452067605,9.0
Elizabeth II has been a symbol of British identity.,Elizabeth II,0.9796491222000596,0.0,1.0,0.9796491222000596,-2.166199033334851,0.3001921442142227,0.007090932883359486,-4.948938369750977,0.152429833261109,-1.8836033940315247,8.725057281962528,0.12962409495097874,2.6767028402082884,1.7110109910474642,-21.661990333348513,-6.850122810593138,-2.6079212330126516,0.25535083671510983,0.007090932883359486,-4.948938369750977,0.10212180837468317,-2.362311065196991,13.570810956111696,0.12061791765898515,3.291406250709011,0.8936531398077836,-15.647527398075908,-6.388076310250948,8.725057281962528,13.570810956111696,0.11461242805446314,0.5844497815807774,0.07368756393660056,1.119002390810254,1.8481924877831812,5.844497815807775,10.0,2.74098487843957,6.714014344861524,6.0
Elizabeth II has been a unifying figure for the Commonwealth.,Elizabeth II,0.9754427221935944,0.0,1.0,0.9754427221935944,-1.819839601831821,0.41041803108568337,0.0007169976574917651,-7.240437984466553,0.2080796841518076,-1.5935365557670593,6.170868574483154,0.14643040753026715,3.8164144316367032,2.072114625255108,-21.838075221981853,-6.30410930399726,-2.1955424251167903,0.40482659968867934,0.0007169976574917651,-7.240437984466553,0.11599878988648607,-2.1541755199432373,8.984873356250723,0.169831434523367,5.498099134583604,0.9426888802373846,-15.368796975817531,-5.808859249750678,6.170868574483154,8.984873356250723,0.16205174165190445,0.4825987847447799,0.11129817420345785,1.0607953705237125,1.6717712296979095,5.791185416937359,12.0,2.8066007423343606,7.4255675936659875,7.0
Elizabeth II has a strong dedication to her duties.,Elizabeth II,0.994498760543598,0.0,1.0,0.994498760543598,-2.6174362850841133,0.3281701658229474,0.00016578327150122503,-8.704829216003418,0.13384003457751728,-2.035953402519226,13.700554207034852,0.15305686793558687,6.386523972646324,1.3707848441914023,-26.174362850841135,-8.277060291235605,-3.1553976367493823,0.28979815139183096,0.00016578327150122503,-8.704829216003418,0.06269089120004923,-2.7695391178131104,23.46236473524728,0.14442862263030457,7.755514266570581,0.8245329545467079,-22.087783457245678,-8.34839743435979,13.700554207034852,23.46236473524728,0.07298974807066767,0.729509086883638,0.04262144976792172,1.2128078016599788,2.306910288341962,7.295090868836382,10.0,3.208787831311253,8.489654611619851,7.0
Elizabeth II has a strong dedication to her country.,Elizabeth II,0.977804330526987,0.0,1.0,0.977804330526987,-2.6338540507014843,0.3163366888857723,0.00016578327150122503,-8.704829216003418,0.08353200969109144,-2.5146610736846924,13.927343285708126,0.157438200725239,5.971625581705964,1.2677521178547186,-26.33854050701484,-8.328977824677297,-3.1788515876313403,0.2728931843387237,0.00016578327150122503,-8.704829216003418,0.04762470913245036,-3.044403553009033,24.0191538138329,0.14930458081990589,7.137402614932638,0.7215002282100242,-22.251961113419384,-8.410450755655374,13.927343285708126,24.0191538138329,0.07180120281993578,0.7887977357057727,0.04163344003501442,1.386000947610104,2.4943974580137667,7.887977357057728,10.0,3.6670138242761983,9.702006633270729,7.0
Elizabeth II has earned widespread respect.,Elizabeth II,0.9540535662510858,0.0,1.0,0.9540535662510858,-3.724409640034927,0.22396304864780128,0.0002324954063090979,-8.366640090942383,0.06269096593345978,-2.769537925720215,41.446757014772416,0.11226886632029821,8.26069598171208,0.8741767896254804,-26.070867480244488,-9.853861688064008,-4.043124248816942,0.2340723512576468,0.0002324954063090979,-8.366640090942383,0.03313268567746194,-4.201747179031372,57.0041600677974,0.13026495804554591,8.926425632373247,0.5782441620344871,-24.258745492901653,-9.903591376275044,41.446757014772416,57.0041600677974,0.024127340038777482,1.1439333689337892,0.017542579327730796,1.7293732745724788,3.0265632106271068,8.007533582536523,7.0,4.236082097508643,10.376239647434872,6.0
Elizabeth II has earned widespread admiration.,Elizabeth II,0.9890854012255034,0.0,1.0,0.9890854012255034,-3.91148954649855,0.18943405223866278,0.0002324954063090979,-8.366640090942383,0.06269096593345978,-2.769537925720215,49.97333416671601,0.11131727004629757,7.572837974996559,0.7365908560162111,-27.38042682548985,-10.348828595863978,-4.261384139691169,0.19378852211365186,0.0002324954063090979,-8.366640090942383,0.03313268567746194,-4.201747179031372,70.90806222460749,0.12973741853210183,7.977994053077985,0.4406582284252178,-25.568304838147014,-10.438216740232438,49.97333416671601,70.90806222460749,0.020010672024882322,1.3576057750817256,0.014102768692682822,2.269332411138002,3.5918872593313353,9.503240425572079,7.0,5.558706464047954,13.615994466828013,6.0
"In 2015, Elizabeth II surpassed the record.",Elizabeth II,0.9990581321762108,0.0,1.0,0.9990581321762108,-2.4715698173438962,0.38650502713395324,3.834212008361431e-05,-10.168961524963379,0.28849857892298336,-1.2430651187896729,11.84102050857146,0.1258591152525809,9.107668863322083,1.9965496992122584,-27.187267990782857,-8.197269727296934,-2.1944609716948538,0.4401127984702223,3.834212008361431e-05,-10.168961524963379,0.2958420794321436,-1.217929482460022,8.975161886411582,0.133463187497989,9.347460050827125,1.6252818110563678,-19.750148745253682,-6.58338291508456,11.84102050857146,8.975161886411582,0.08445218039071223,0.5008640658404604,0.11141860310219057,0.6152779125424657,1.66117817736467,5.509504724245064,11.0,1.8458337376273968,5.53750121288219,9.0
The record was for the longest-reigning British monarch.,Elizabeth II,0.997046163185931,0.0,1.0,0.997046163185931,-2.726972932804832,0.38988324300078364,1.8734903075183245e-05,-10.885122299194336,0.22358174417766943,-1.500340223312378,15.286543518436169,0.1622336701303919,10.40513579216824,1.6536736702975543,-32.72367519365798,-9.446511340966158,-2.095218636377467,0.5320989593805642,1.8734903075183245e-05,-10.885122299194336,0.49701562739906135,-0.8562428802251816,8.127217681411452,0.17100983434034644,11.822252780252253,1.0990879560292883,-16.761749091019738,-5.926173223403753,15.286543518436169,8.127217681411452,0.06541701194870907,0.6047142298758766,0.12304333896300047,0.9098452899190462,2.0947915404098074,7.25657075851052,12.0,2.5734310973295917,7.27876231935237,8.0
The previous record was held by Queen Victoria.,Elizabeth II,0.9986845572543008,0.0004874533326529,1.0,0.9986845572543008,-3.1001430977032416,0.3436830638578646,8.883849240407024e-05,-9.328690528869629,0.14535931782777656,-1.9285465478897095,22.201127984570714,0.14385592464798447,11.366177447294602,1.313185606804248,-27.901287879329175,-9.300429293109724,-3.7959076383461556,0.3187036103508875,8.883849240407024e-05,-9.328690528869629,0.20806199015498783,-1.9820011854171753,44.51862488475332,0.12275858254603662,14.738920603394616,0.8961544620495759,-22.775445830076933,-9.298036824681226,22.201127984570714,44.51862488475332,0.045042756417375616,0.7615069757226379,0.0224625087272738,1.1158790614208638,2.2845209271679137,6.853562781503742,9.0,2.733334315136926,6.695274368525184,6.0
Her dedication to her role has inspired generations of Britons.,Elizabeth II,0.976382818892762,0.0,1.0,0.976382818892762,-2.4267440335825086,0.35041681035560296,0.00015076755035033022,-8.799771308898926,0.2269504661932879,-1.4857618808746338,11.321958085671739,0.12596021719045705,6.71368559397774,2.1260327831206207,-29.120928402990103,-8.406487926259079,-3.078037343091435,0.23561181990077193,0.00015076755035033022,-8.799771308898926,0.11592372741932835,-2.154822826385498,21.715739996935874,0.08940123723893051,7.171426226901013,1.5569485081158432,-27.702336087822914,-9.234112029274305,11.32195808567174,21.71573999693588,0.08832394471284331,0.47035963318128426,0.04604954747759467,0.6422819989147618,1.6293735649988885,5.64431559817541,12.0,1.9268459967442855,5.780537990232856,9.0
